<?xml version="1.0" encoding="UTF-8"?>

<MedicationKnowledge xmlns="http://hl7.org/fhir">
  <id value="pt-pmp-69675"/>
  <meta>
    <profile value="http://medigree.net/eu/fhir/medigree/StructureDefinition/PTIdentifiableProduct"/>
  </meta>
  <text>
    <status value="extensions"/><div xmlns="http://www.w3.org/1999/xhtml"><p><b>Generated Narrative</b></p><div style="display: inline-block; background-color: #d9e0e7; padding: 6px; margin: 4px; border: 1px solid #8da1b4; border-radius: 5px; line-height: 60%"><p style="margin-bottom: 0px">Resource "pt-pmp-69675" </p><p style="margin-bottom: 0px">Profile: <a href="StructureDefinition-PTIdentifiableProduct.html">PT Identifiable Product Profile</a></p></div><p><b>jurisdiction</b>: Portugal <span style="background: LightGoldenRodYellow; margin: 4px; border: 1px solid khaki"> (unknown#PT)</span></p><p><b>code</b>: Amlodipina Vitória 5 mg Comprimido Blister - 30 unidade(s) <span style="background: LightGoldenRodYellow; margin: 4px; border: 1px solid khaki"> (identifiable-product-identifier-type#69675)</span></p><p><b>manufacturer</b>: <span></span></p><p><b>doseForm</b>: 10219000 <span style="background: LightGoldenRodYellow; margin: 4px; border: 1px solid khaki"> (dose-forms#10219000; dose-forms#271)</span></p><p><b>synonym</b>: Amlodipina Vitória 5 mg Comprimido Blister - 30 unidade(s)</p><h3>Ingredients</h3><table class="grid"><tr><td>-</td><td><b>Item[x]</b></td><td><b>Strength</b></td></tr><tr><td>*</td><td>Amlodipina <span style="background: LightGoldenRodYellow; margin: 4px; border: 1px solid khaki"> ()</span></td><td>5 mg<span style="background: LightGoldenRodYellow"> (Details: UCUM code mg = 'mg')</span>/1 U<span style="background: LightGoldenRodYellow"> (Details: UCUM code U = 'U')</span></td></tr></table><p><b>intendedRoute</b>: Oral use <span style="background: LightGoldenRodYellow; margin: 4px; border: 1px solid khaki"> (routes#20053000)</span>, Via oral <span style="background: LightGoldenRodYellow; margin: 4px; border: 1px solid khaki"> (routes#48)</span></p><h3>MedicineClassifications</h3><table class="grid"><tr><td>-</td><td><b>Type</b></td><td><b>Classification</b></td></tr><tr><td>*</td><td>atc <span style="background: LightGoldenRodYellow; margin: 4px; border: 1px solid khaki"> (classifications#atc)</span></td><td>C08CA01 <span style="background: LightGoldenRodYellow; margin: 4px; border: 1px solid khaki"> (atc#C08CA01)</span></td></tr></table><h3>Packagings</h3><table class="grid"><tr><td>-</td><td><b>Quantity</b></td></tr><tr><td>*</td><td>30</td></tr></table></div>
  </text>
  <extension url="http://medigree.net/eu/fhir/medigree/StructureDefinition/artifact-jurisdiction">
    <valueCodeableConcept>
      <coding>
        <system value="urn:iso:std:iso:3166"/>
        <code value="PT"/>
      </coding>
    </valueCodeableConcept>
  </extension>
  <code>
    <coding>
      <system value="http://www.medigree.net/identifiable-product-identifier-type"/>
      <code value="69675"/>
      <display value="Amlodipina Vitória 5 mg Comprimido Blister - 30 unidade(s)"/>
    </coding>
  </code>
  <manufacturer>
    <identifier>
      <value value="Laboratórios Vitória, S.A."/>
    </identifier>
  </manufacturer>
  <doseForm>
    <coding>
      <system value="http://www.edqm.eu/dose-forms"/>
      <code value="10219000"/>
    </coding>
    <coding>
      <system value="http://www.belgium.be/dose-forms"/>
      <code value="271"/>
    </coding>
  </doseForm>
  <synonym value="Amlodipina Vitória 5 mg Comprimido Blister - 30 unidade(s)"/>
  <ingredient>
    <itemCodeableConcept>
      <text value="Amlodipina"/>
    </itemCodeableConcept>
    <strength>
      <numerator>
        <value value="5"/>
        <system value="http://unitsofmeasure.org"/>
        <code value="mg"/>
      </numerator>
      <denominator>
        <value value="1"/>
        <system value="http://unitsofmeasure.org"/>
        <code value="U"/>
      </denominator>
    </strength>
  </ingredient>
  <intendedRoute>
    <coding>
      <system value="http://www.edqm.eu/routes"/>
      <code value="20053000"/>
      <display value="Oral use"/>
    </coding>
  </intendedRoute>
  <intendedRoute>
    <coding>
      <system value="http://www.belgium.be/routes"/>
      <code value="48"/>
      <display value="Via oral"/>
    </coding>
  </intendedRoute>
  <medicineClassification>
    <type>
      <coding>
        <system value="http://www.medigree.net/classifications"/>
        <code value="atc"/>
      </coding>
    </type>
    <classification>
      <coding>
        <system value="http://www.who.no/atc"/>
        <code value="C08CA01"/>
      </coding>
    </classification>
  </medicineClassification>
  <packaging>
    <quantity>
      <value value="30"/>
    </quantity>
  </packaging>
</MedicationKnowledge>