"Id","Path","Slice Name","Alias(s)","Label","Min","Max","Must Support?","Is Modifier?","Is Summary?","Type(s)","Short","Definition","Comments","Requirements","Default Value","Meaning When Missing","Fixed Value","Pattern","Example","Minimum Value","Maximum Value","Maximum Length","Binding Strength","Binding Description","Binding Value Set","Code","Slicing Discriminator","Slicing Description","Slicing Ordered","Slicing Rules","Base Path","Base Min","Base Max","Condition(s)","Constraint(s)","Mapping: RIM Mapping"
"BEVMPGroupModel","BEVMPGroupModel","","","",0,*,"","","","","BE VMP Group logical model","Belgium VMP Group logical model","","","","","","","","","",,,,,"",,,,"Base",0,*,"",""
"BEVMPGroupModel.identifier","BEVMPGroupModel.identifier","","","",0,*,"","","","string {[]} {[]}
","Business identifier for this medication","Business identifier for this medication","","","","","","","","","",,,,,"",,,,"BEVMPGroupModel.identifier",0,*,"",""
"BEVMPGroupModel.name","BEVMPGroupModel.name","","","",0,*,"","","","string {[]} {[]}
","Business identifier for this medication","Business identifier for this medication","","","","","","","","","",,,,,"",,,,"BEVMPGroupModel.name",0,*,"",""
"BEVMPGroupModel.ingredient","BEVMPGroupModel.ingredient","","","",1,*,"","","","BackboneElement {[]} {[]}
","Ingredient(s) that are part of the product, with therapeutical usage or not","Ingredient(s) that are part of the product, with therapeutical usage or not","","","","","","","","","",,,,,"",,,,"BEVMPGroupModel.ingredient",1,*,"",""
"BEVMPGroupModel.ingredient.substance","BEVMPGroupModel.ingredient.substance","","","",1,1,"","","","CodeableConcept {[]} {[]}
","Codification of the substance","Codification of the substance","","","","","","","","","",,,,,"",,,,"BEVMPGroupModel.ingredient.substance",1,1,"",""
"BEVMPGroupModel.ingredient.role","BEVMPGroupModel.ingredient.role","","","",1,1,"","","","CodeableConcept {[]} {[]}
","Role the substance has in this product (active principle, excipient, ...)","Role the substance has in this product (active principle, excipient, ...)","","","","","","","","","",,,,,"",,,,"BEVMPGroupModel.ingredient.role",1,1,"",""
"BEVMPGroupModel.ingredient.strength","BEVMPGroupModel.ingredient.strength","","","",1,1,"","","","Quantity {[]} {[]}
","Strength of the substance in this product","Strength of the substance in this product","","","","","","","","","",,,,,"",,,,"BEVMPGroupModel.ingredient.strength",1,1,"",""
"BEVMPGroupModel.routeOfAdministration","BEVMPGroupModel.routeOfAdministration","","","",1,*,"","","","CodeableConcept {[]} {[]}
","The approved route of administration","The approved route of administration","","","","","","","","","",,,,,"",,,,"BEVMPGroupModel.routeOfAdministration",1,*,"",""
