<?xml version="1.0" encoding="UTF-8"?>

<Bundle xmlns="http://hl7.org/fhir">
  <id value="60dcec9b-fcff-48a2-8327-4cb160f5ce52"/>
  <meta>
    <lastUpdated value="2022-06-07T12:51:30.593+00:00"/>
  </meta>
  <type value="collection"/>
  <entry>
    <fullUrl value="http://medigree.net/eu/fhir/medigree/ValueSet/BoSS-vs"/>
    <resource>
      <ValueSet>
        <id value="BoSS-vs"/>
        <text>
          <status value="generated"/>
          <div xmlns="http://www.w3.org/1999/xhtml">
            <p>This value set contains 3 concepts</p>
            <p style="border: black 1px dotted; background-color: #EEEEEE; padding: 8px; margin-bottom: 8px">Expansion based on 
              <a href="CodeSystem-BoSS-cs.html">BoSS - Basis of Substance Strength options Code System v1.0.0 (CodeSystem)</a>
            </p>
            <p>All codes in this table are from the system 
              <a href="CodeSystem-BoSS-cs.html">
                <code>http://medigree.net/eu/fhir/medigree/CodeSystem/BoSS-cs</code>
              </a>
            </p>
            <table class="codes">
              <tr>
                <td style="white-space:nowrap">
                  <b>Code</b>
                </td>
                <td>
                  <b>Display</b>
                </td>
                <td>
                  <b>Definition</b>
                </td>
              </tr>
              <tr>
                <td style="white-space:nowrap">
                  <a name="http---medigree.net-eu-fhir-medigree-CodeSystem-BoSS-cs-base"> </a>  
                  <a href="CodeSystem-BoSS-cs.html#BoSS-cs-base">base</a>
                </td>
                <td>Base</td>
                <td>The strength corresponds to the strength of the base substance</td>
              </tr>
              <tr>
                <td style="white-space:nowrap">
                  <a name="http---medigree.net-eu-fhir-medigree-CodeSystem-BoSS-cs-base-modifier"> </a>  
                  <a href="CodeSystem-BoSS-cs.html#BoSS-cs-base-modifier">base-modifier</a>
                </td>
                <td>Base and modifier</td>
                <td>The strength corresponds to the strength of the modifier</td>
              </tr>
              <tr>
                <td style="white-space:nowrap">
                  <a name="http---medigree.net-eu-fhir-medigree-CodeSystem-BoSS-cs-ref-substance"> </a>  
                  <a href="CodeSystem-BoSS-cs.html#BoSS-cs-ref-substance">ref-substance</a>
                </td>
                <td>Reference Substance</td>
                <td>The strength corresponds to the associated reference substance</td>
              </tr>
            </table>
          </div>
        </text>
        <url value="http://medigree.net/eu/fhir/medigree/ValueSet/BoSS-vs"/>
        <version value="1.0.0"/>
        <name value="BoSSVS"/>
        <title value="BoSS - Basis of Substance Strength options"/>
        <status value="active"/>
        <date value="2022-06-07T12:51:30+00:00"/>
        <publisher value="My Organization"/>
        <contact>
          <name value="My Organization"/>
          <telecom>
            <system value="url"/>
            <value value="http://example.com/committees"/>
          </telecom>
          <telecom>
            <system value="email"/>
            <value value="my-group@example.com"/>
          </telecom>
        </contact>
        <contact>
          <name value="Bob Smith"/>
          <telecom>
            <system value="email"/>
            <value value="bobsmith@example.com"/>
            <use value="work"/>
          </telecom>
        </contact>
        <jurisdiction>
          <coding>
            <system value="http://unstats.un.org/unsd/methods/m49/m49.htm"/>
            <code value="001"/>
            <display value="World"/>
          </coding>
        </jurisdiction>
        <expansion>
          <identifier value="urn:uuid:449abe00-cd74-4836-9953-69a1ec7fc1be"/>
          <timestamp value="2022-06-07T12:51:59+00:00"/>
          <total value="3"/>
          <parameter>
            <name value="excludeNested"/>
            <valueBoolean value="false"/>
          </parameter>
          <parameter>
            <name value="version"/>
            <valueUri value="http://medigree.net/eu/fhir/medigree/CodeSystem/BoSS-cs|1.0.0"/>
          </parameter>
          <contains>
            <system value="http://medigree.net/eu/fhir/medigree/CodeSystem/BoSS-cs"/>
            <code value="base"/>
            <display value="Base"/>
          </contains>
          <contains>
            <system value="http://medigree.net/eu/fhir/medigree/CodeSystem/BoSS-cs"/>
            <code value="base-modifier"/>
            <display value="Base and modifier"/>
          </contains>
          <contains>
            <system value="http://medigree.net/eu/fhir/medigree/CodeSystem/BoSS-cs"/>
            <code value="ref-substance"/>
            <display value="Reference Substance"/>
          </contains>
        </expansion>
      </ValueSet>
    </resource>
  </entry>
  <entry>
    <fullUrl value="http://medigree.net/eu/fhir/medigree/ValueSet/ConcPres-vs"/>
    <resource>
      <ValueSet>
        <id value="ConcPres-vs"/>
        <text>
          <status value="generated"/>
          <div xmlns="http://www.w3.org/1999/xhtml">
            <p>This value set contains 2 concepts</p>
            <p style="border: black 1px dotted; background-color: #EEEEEE; padding: 8px; margin-bottom: 8px">Expansion based on 
              <a href="CodeSystem-ConcPres-cs.html">Concentration or Presentation Code System v1.0.0 (CodeSystem)</a>
            </p>
            <p>All codes in this table are from the system 
              <a href="CodeSystem-ConcPres-cs.html">
                <code>http://medigree.net/eu/fhir/medigree/CodeSystem/ConcPres-cs</code>
              </a>
            </p>
            <table class="codes">
              <tr>
                <td style="white-space:nowrap">
                  <b>Code</b>
                </td>
                <td>
                  <b>Display</b>
                </td>
                <td>
                  <b>Definition</b>
                </td>
              </tr>
              <tr>
                <td style="white-space:nowrap">
                  <a name="http---medigree.net-eu-fhir-medigree-CodeSystem-ConcPres-cs-concentration"> </a>  
                  <a href="CodeSystem-ConcPres-cs.html#ConcPres-cs-concentration">concentration</a>
                </td>
                <td>Concentration</td>
                <td>Concentration</td>
              </tr>
              <tr>
                <td style="white-space:nowrap">
                  <a name="http---medigree.net-eu-fhir-medigree-CodeSystem-ConcPres-cs-presentation"> </a>  
                  <a href="CodeSystem-ConcPres-cs.html#ConcPres-cs-presentation">presentation</a>
                </td>
                <td>Presentation</td>
                <td>Presentation</td>
              </tr>
            </table>
          </div>
        </text>
        <url value="http://medigree.net/eu/fhir/medigree/ValueSet/ConcPres-vs"/>
        <version value="1.0.0"/>
        <name value="ConcPresVS"/>
        <title value="Concentration or Presentation Value Set"/>
        <status value="active"/>
        <date value="2022-06-07T12:51:30+00:00"/>
        <publisher value="My Organization"/>
        <contact>
          <name value="My Organization"/>
          <telecom>
            <system value="url"/>
            <value value="http://example.com/committees"/>
          </telecom>
          <telecom>
            <system value="email"/>
            <value value="my-group@example.com"/>
          </telecom>
        </contact>
        <contact>
          <name value="Bob Smith"/>
          <telecom>
            <system value="email"/>
            <value value="bobsmith@example.com"/>
            <use value="work"/>
          </telecom>
        </contact>
        <jurisdiction>
          <coding>
            <system value="http://unstats.un.org/unsd/methods/m49/m49.htm"/>
            <code value="001"/>
            <display value="World"/>
          </coding>
        </jurisdiction>
        <expansion>
          <identifier value="urn:uuid:92642d81-47ba-4248-b0d3-f4f86aefb4bc"/>
          <timestamp value="2022-06-07T12:51:59+00:00"/>
          <total value="2"/>
          <parameter>
            <name value="excludeNested"/>
            <valueBoolean value="false"/>
          </parameter>
          <parameter>
            <name value="version"/>
            <valueUri value="http://medigree.net/eu/fhir/medigree/CodeSystem/ConcPres-cs|1.0.0"/>
          </parameter>
          <contains>
            <system value="http://medigree.net/eu/fhir/medigree/CodeSystem/ConcPres-cs"/>
            <code value="concentration"/>
            <display value="Concentration"/>
          </contains>
          <contains>
            <system value="http://medigree.net/eu/fhir/medigree/CodeSystem/ConcPres-cs"/>
            <code value="presentation"/>
            <display value="Presentation"/>
          </contains>
        </expansion>
      </ValueSet>
    </resource>
  </entry>
  <entry>
    <fullUrl value="http://medigree.net/eu/fhir/medigree/ValueSet/dose-form-ontology-cs"/>
    <resource>
      <ValueSet>
        <id value="dose-form-ontology-cs"/>
        <text>
          <status value="generated"/>
          <div xmlns="http://www.w3.org/1999/xhtml">
            <p>This value set contains 4 concepts</p>
            <p style="border: black 1px dotted; background-color: #EEEEEE; padding: 8px; margin-bottom: 8px">Expansion based on 
              <a href="CodeSystem-dose-form-ontology-cs.html">Dose Form Ontology Code System v1.0.0 (CodeSystem)</a>
            </p>
            <p>All codes in this table are from the system 
              <a href="CodeSystem-dose-form-ontology-cs.html">
                <code>http://medigree.net/eu/fhir/medigree/CodeSystem/dose-form-ontology-cs</code>
              </a>
            </p>
            <table class="codes">
              <tr>
                <td>
                  <b>Level</b>
                </td>
                <td style="white-space:nowrap">
                  <b>Code</b>
                </td>
                <td>
                  <b>Display</b>
                </td>
                <td>
                  <b>Definition</b>
                </td>
              </tr>
              <tr>
                <td>
                  <a name="http---medigree.net-eu-fhir-medigree-CodeSystem-dose-form-ontology-cs-20053000"> </a>1
                </td>
                <td style="white-space:nowrap">  
                  <a href="CodeSystem-dose-form-ontology-cs.html#dose-form-ontology-cs-20053000">20053000</a>
                </td>
                <td>Oral use</td>
                <td>Oral Use</td>
              </tr>
              <tr>
                <td>
                  <a name="http---medigree.net-eu-fhir-medigree-CodeSystem-dose-form-ontology-cs-10220XXX"> </a>2
                </td>
                <td style="white-space:nowrap">    
                  <a href="CodeSystem-dose-form-ontology-cs.html#dose-form-ontology-cs-10220XXX">10220XXX</a>
                </td>
                <td>Capsule</td>
                <td>Capsule</td>
              </tr>
              <tr>
                <td>
                  <a name="http---medigree.net-eu-fhir-medigree-CodeSystem-dose-form-ontology-cs-10220000"> </a>2
                </td>
                <td style="white-space:nowrap">    
                  <a href="CodeSystem-dose-form-ontology-cs.html#dose-form-ontology-cs-10220000">10220000</a>
                </td>
                <td>Tablet</td>
                <td>Tablet</td>
              </tr>
              <tr>
                <td>
                  <a name="http---medigree.net-eu-fhir-medigree-CodeSystem-dose-form-ontology-cs-10318000"> </a>3
                </td>
                <td style="white-space:nowrap">      
                  <a href="CodeSystem-dose-form-ontology-cs.html#dose-form-ontology-cs-10318000">10318000</a>
                </td>
                <td>Sublingual tablet</td>
                <td>Sublingual tablet</td>
              </tr>
            </table>
          </div>
        </text>
        <url value="http://medigree.net/eu/fhir/medigree/ValueSet/dose-form-ontology-cs"/>
        <version value="1.0.0"/>
        <name value="DoseFormOntologyCS"/>
        <title value="Dose Form ontology Value Set"/>
        <status value="active"/>
        <date value="2022-06-07T12:51:30+00:00"/>
        <publisher value="My Organization"/>
        <contact>
          <name value="My Organization"/>
          <telecom>
            <system value="url"/>
            <value value="http://example.com/committees"/>
          </telecom>
          <telecom>
            <system value="email"/>
            <value value="my-group@example.com"/>
          </telecom>
        </contact>
        <contact>
          <name value="Bob Smith"/>
          <telecom>
            <system value="email"/>
            <value value="bobsmith@example.com"/>
            <use value="work"/>
          </telecom>
        </contact>
        <jurisdiction>
          <coding>
            <system value="http://unstats.un.org/unsd/methods/m49/m49.htm"/>
            <code value="001"/>
            <display value="World"/>
          </coding>
        </jurisdiction>
        <expansion>
          <identifier value="urn:uuid:0748b5ff-87b7-4a6e-9e8b-12ce50481465"/>
          <timestamp value="2022-06-07T12:51:59+00:00"/>
          <total value="4"/>
          <parameter>
            <name value="excludeNested"/>
            <valueBoolean value="false"/>
          </parameter>
          <parameter>
            <name value="version"/>
            <valueUri value="http://medigree.net/eu/fhir/medigree/CodeSystem/dose-form-ontology-cs|1.0.0"/>
          </parameter>
          <contains>
            <system value="http://medigree.net/eu/fhir/medigree/CodeSystem/dose-form-ontology-cs"/>
            <code value="20053000"/>
            <display value="Oral use"/>
            <contains>
              <system value="http://medigree.net/eu/fhir/medigree/CodeSystem/dose-form-ontology-cs"/>
              <code value="10220XXX"/>
              <display value="Capsule"/>
            </contains>
            <contains>
              <system value="http://medigree.net/eu/fhir/medigree/CodeSystem/dose-form-ontology-cs"/>
              <code value="10220000"/>
              <display value="Tablet"/>
              <contains>
                <system value="http://medigree.net/eu/fhir/medigree/CodeSystem/dose-form-ontology-cs"/>
                <code value="10318000"/>
                <display value="Sublingual tablet"/>
              </contains>
            </contains>
          </contains>
        </expansion>
      </ValueSet>
    </resource>
  </entry>
  <entry>
    <fullUrl value="http://medigree.net/eu/fhir/medigree/ValueSet/Pattern-vs"/>
    <resource>
      <ValueSet>
        <id value="Pattern-vs"/>
        <text>
          <status value="generated"/>
          <div xmlns="http://www.w3.org/1999/xhtml">
            <p>This value set contains 2 concepts</p>
            <p style="border: black 1px dotted; background-color: #EEEEEE; padding: 8px; margin-bottom: 8px">Expansion based on 
              <a href="CodeSystem-Pattern-cs.html">Presentation pattern Code System v1.0.0 (CodeSystem)</a>
            </p>
            <p>All codes in this table are from the system 
              <a href="CodeSystem-Pattern-cs.html">
                <code>http://medigree.net/eu/fhir/medigree/CodeSystem/Pattern-cs</code>
              </a>
            </p>
            <table class="codes">
              <tr>
                <td style="white-space:nowrap">
                  <b>Code</b>
                </td>
                <td>
                  <b>Display</b>
                </td>
                <td>
                  <b>Definition</b>
                </td>
              </tr>
              <tr>
                <td style="white-space:nowrap">
                  <a name="http---medigree.net-eu-fhir-medigree-CodeSystem-Pattern-cs-oral-solid"> </a>  
                  <a href="CodeSystem-Pattern-cs.html#Pattern-cs-oral-solid">oral-solid</a>
                </td>
                <td>Oral Solid</td>
                <td>Oral Solid</td>
              </tr>
              <tr>
                <td style="white-space:nowrap">
                  <a name="http---medigree.net-eu-fhir-medigree-CodeSystem-Pattern-cs-injectable"> </a>  
                  <a href="CodeSystem-Pattern-cs.html#Pattern-cs-injectable">injectable</a>
                </td>
                <td>Injectable</td>
                <td>Injectable</td>
              </tr>
            </table>
          </div>
        </text>
        <url value="http://medigree.net/eu/fhir/medigree/ValueSet/Pattern-vs"/>
        <version value="1.0.0"/>
        <name value="PatternVS"/>
        <title value="Presentation pattern Value Set"/>
        <status value="active"/>
        <date value="2022-06-07T12:51:30+00:00"/>
        <publisher value="My Organization"/>
        <contact>
          <name value="My Organization"/>
          <telecom>
            <system value="url"/>
            <value value="http://example.com/committees"/>
          </telecom>
          <telecom>
            <system value="email"/>
            <value value="my-group@example.com"/>
          </telecom>
        </contact>
        <contact>
          <name value="Bob Smith"/>
          <telecom>
            <system value="email"/>
            <value value="bobsmith@example.com"/>
            <use value="work"/>
          </telecom>
        </contact>
        <jurisdiction>
          <coding>
            <system value="http://unstats.un.org/unsd/methods/m49/m49.htm"/>
            <code value="001"/>
            <display value="World"/>
          </coding>
        </jurisdiction>
        <expansion>
          <identifier value="urn:uuid:f5a7abd8-2eff-4d69-85ec-0e1d767d4af3"/>
          <timestamp value="2022-06-07T12:51:59+00:00"/>
          <total value="2"/>
          <parameter>
            <name value="excludeNested"/>
            <valueBoolean value="false"/>
          </parameter>
          <parameter>
            <name value="version"/>
            <valueUri value="http://medigree.net/eu/fhir/medigree/CodeSystem/Pattern-cs|1.0.0"/>
          </parameter>
          <contains>
            <system value="http://medigree.net/eu/fhir/medigree/CodeSystem/Pattern-cs"/>
            <code value="oral-solid"/>
            <display value="Oral Solid"/>
          </contains>
          <contains>
            <system value="http://medigree.net/eu/fhir/medigree/CodeSystem/Pattern-cs"/>
            <code value="injectable"/>
            <display value="Injectable"/>
          </contains>
        </expansion>
      </ValueSet>
    </resource>
  </entry>
  <entry>
    <fullUrl value="https://fhirbender.github.io/mpd-box/ValueSet/prod-type-cs"/>
    <resource>
      <ValueSet>
        <id value="prod-type-vs"/>
        <text>
          <status value="generated"/>
          <div xmlns="http://www.w3.org/1999/xhtml">
            <p>This value set contains 6 concepts</p>
            <p style="border: black 1px dotted; background-color: #EEEEEE; padding: 8px; margin-bottom: 8px">Expansion based on 
              <a href="CodeSystem-prod-type-cs.html">Product Types code system v1.0.0 (CodeSystem)</a>
            </p>
            <p>All codes in this table are from the system 
              <a href="CodeSystem-prod-type-cs.html">
                <code>https://fhirbender.github.io/mpd-box/CodeSystem/prod-type-cs</code>
              </a>
            </p>
            <table class="codes">
              <tr>
                <td style="white-space:nowrap">
                  <b>Code</b>
                </td>
                <td>
                  <b>Display</b>
                </td>
              </tr>
              <tr>
                <td style="white-space:nowrap">
                  <a name="https---fhirbender.github.io-mpd-box-CodeSystem-prod-type-cs-IDMP-PhP"> </a>  
                  <a href="CodeSystem-prod-type-cs.html#prod-type-cs-IDMP_PhP">IDMP_PhP</a>
                </td>
                <td>IDMP Pharmaceutical Product</td>
              </tr>
              <tr>
                <td style="white-space:nowrap">
                  <a name="https---fhirbender.github.io-mpd-box-CodeSystem-prod-type-cs-IDMP-MP"> </a>  
                  <a href="CodeSystem-prod-type-cs.html#prod-type-cs-IDMP_MP">IDMP_MP</a>
                </td>
                <td>IDMP Medicinal Product</td>
              </tr>
              <tr>
                <td style="white-space:nowrap">
                  <a name="https---fhirbender.github.io-mpd-box-CodeSystem-prod-type-cs-IDMP-PP"> </a>  
                  <a href="CodeSystem-prod-type-cs.html#prod-type-cs-IDMP_PP">IDMP_PP</a>
                </td>
                <td>IDMP Packaged Medicinal Product</td>
              </tr>
              <tr>
                <td style="white-space:nowrap">
                  <a name="https---fhirbender.github.io-mpd-box-CodeSystem-prod-type-cs-BE-MP"> </a>  
                  <a href="CodeSystem-prod-type-cs.html#prod-type-cs-BE_MP">BE_MP</a>
                </td>
                <td>Belgian Medicinal Product</td>
              </tr>
              <tr>
                <td style="white-space:nowrap">
                  <a name="https---fhirbender.github.io-mpd-box-CodeSystem-prod-type-cs-BE-VMP"> </a>  
                  <a href="CodeSystem-prod-type-cs.html#prod-type-cs-BE_VMP">BE_VMP</a>
                </td>
                <td>Belgian Virtual Medicinal Product</td>
              </tr>
              <tr>
                <td style="white-space:nowrap">
                  <a name="https---fhirbender.github.io-mpd-box-CodeSystem-prod-type-cs-ePI"> </a>  
                  <a href="CodeSystem-prod-type-cs.html#prod-type-cs-ePI">ePI</a>
                </td>
                <td>ePI</td>
              </tr>
            </table>
          </div>
        </text>
        <url value="https://fhirbender.github.io/mpd-box/ValueSet/prod-type-cs"/>
        <version value="1.0.0"/>
        <name value="ProductTypeVS"/>
        <title value="Product Types Value Set"/>
        <status value="active"/>
        <date value="2022-06-07T12:51:30+00:00"/>
        <publisher value="My Organization"/>
        <contact>
          <name value="My Organization"/>
          <telecom>
            <system value="url"/>
            <value value="http://example.com/committees"/>
          </telecom>
          <telecom>
            <system value="email"/>
            <value value="my-group@example.com"/>
          </telecom>
        </contact>
        <contact>
          <name value="Bob Smith"/>
          <telecom>
            <system value="email"/>
            <value value="bobsmith@example.com"/>
            <use value="work"/>
          </telecom>
        </contact>
        <description value="Product Types Value Set."/>
        <jurisdiction>
          <coding>
            <system value="http://unstats.un.org/unsd/methods/m49/m49.htm"/>
            <code value="001"/>
            <display value="World"/>
          </coding>
        </jurisdiction>
        <expansion>
          <identifier value="urn:uuid:5c8a4941-2021-4c87-a938-48e381933695"/>
          <timestamp value="2022-06-07T12:51:59+00:00"/>
          <total value="6"/>
          <parameter>
            <name value="excludeNested"/>
            <valueBoolean value="false"/>
          </parameter>
          <parameter>
            <name value="version"/>
            <valueUri value="https://fhirbender.github.io/mpd-box/CodeSystem/prod-type-cs|1.0.0"/>
          </parameter>
          <contains>
            <system value="https://fhirbender.github.io/mpd-box/CodeSystem/prod-type-cs"/>
            <code value="IDMP_PhP"/>
            <display value="IDMP Pharmaceutical Product"/>
          </contains>
          <contains>
            <system value="https://fhirbender.github.io/mpd-box/CodeSystem/prod-type-cs"/>
            <code value="IDMP_MP"/>
            <display value="IDMP Medicinal Product"/>
          </contains>
          <contains>
            <system value="https://fhirbender.github.io/mpd-box/CodeSystem/prod-type-cs"/>
            <code value="IDMP_PP"/>
            <display value="IDMP Packaged Medicinal Product"/>
          </contains>
          <contains>
            <system value="https://fhirbender.github.io/mpd-box/CodeSystem/prod-type-cs"/>
            <code value="BE_MP"/>
            <display value="Belgian Medicinal Product"/>
          </contains>
          <contains>
            <system value="https://fhirbender.github.io/mpd-box/CodeSystem/prod-type-cs"/>
            <code value="BE_VMP"/>
            <display value="Belgian Virtual Medicinal Product"/>
          </contains>
          <contains>
            <system value="https://fhirbender.github.io/mpd-box/CodeSystem/prod-type-cs"/>
            <code value="ePI"/>
            <display value="ePI"/>
          </contains>
        </expansion>
      </ValueSet>
    </resource>
  </entry>
  <entry>
    <fullUrl value="http://medigree.net/eu/fhir/medigree/ValueSet/vs-med-relation-types"/>
    <resource>
      <ValueSet>
        <id value="vs-med-relation-types"/>
        <text>
          <status value="generated"/>
          <div xmlns="http://www.w3.org/1999/xhtml">
            <p>This value set contains 3 concepts</p>
            <p style="border: black 1px dotted; background-color: #EEEEEE; padding: 8px; margin-bottom: 8px">Expansion based on 
              <a href="CodeSystem-Cs-med-relation-types.html">Marketing Authorization Holder v1.0.0 (CodeSystem)</a>
            </p>
            <p>All codes in this table are from the system 
              <a href="CodeSystem-Cs-med-relation-types.html">
                <code>http://medigree.net/eu/fhir/medigree/CodeSystem/Cs-med-relation-types</code>
              </a>
            </p>
            <table class="codes">
              <tr>
                <td style="white-space:nowrap">
                  <b>Code</b>
                </td>
                <td>
                  <b>Display</b>
                </td>
              </tr>
              <tr>
                <td style="white-space:nowrap">
                  <a name="http---medigree.net-eu-fhir-medigree-CodeSystem-Cs-med-relation-types-package-of"> </a>  
                  <a href="CodeSystem-Cs-med-relation-types.html#Cs-med-relation-types-package-of">package-of</a>
                </td>
                <td>Package of</td>
              </tr>
              <tr>
                <td style="white-space:nowrap">
                  <a name="http---medigree.net-eu-fhir-medigree-CodeSystem-Cs-med-relation-types-contains"> </a>  
                  <a href="CodeSystem-Cs-med-relation-types.html#Cs-med-relation-types-contains">contains</a>
                </td>
                <td>Contains</td>
              </tr>
              <tr>
                <td style="white-space:nowrap">
                  <a name="http---medigree.net-eu-fhir-medigree-CodeSystem-Cs-med-relation-types-matches"> </a>  
                  <a href="CodeSystem-Cs-med-relation-types.html#Cs-med-relation-types-matches">matches</a>
                </td>
                <td>Matches</td>
              </tr>
            </table>
          </div>
        </text>
        <url value="http://medigree.net/eu/fhir/medigree/ValueSet/vs-med-relation-types"/>
        <version value="1.0.0"/>
        <name value="VSMedRelationTypes"/>
        <title value="Marketing Authorization Holder"/>
        <status value="active"/>
        <date value="2022-06-07T12:51:30+00:00"/>
        <publisher value="My Organization"/>
        <contact>
          <name value="My Organization"/>
          <telecom>
            <system value="url"/>
            <value value="http://example.com/committees"/>
          </telecom>
          <telecom>
            <system value="email"/>
            <value value="my-group@example.com"/>
          </telecom>
        </contact>
        <contact>
          <name value="Bob Smith"/>
          <telecom>
            <system value="email"/>
            <value value="bobsmith@example.com"/>
            <use value="work"/>
          </telecom>
        </contact>
        <description value="Marketing Authorization Holder."/>
        <jurisdiction>
          <coding>
            <system value="http://unstats.un.org/unsd/methods/m49/m49.htm"/>
            <code value="001"/>
            <display value="World"/>
          </coding>
        </jurisdiction>
        <expansion>
          <identifier value="urn:uuid:961ec2c4-8f67-4a03-97bb-956e4e144ec8"/>
          <timestamp value="2022-06-07T12:51:59+00:00"/>
          <total value="3"/>
          <parameter>
            <name value="excludeNested"/>
            <valueBoolean value="false"/>
          </parameter>
          <parameter>
            <name value="version"/>
            <valueUri value="http://medigree.net/eu/fhir/medigree/CodeSystem/Cs-med-relation-types|1.0.0"/>
          </parameter>
          <contains>
            <system value="http://medigree.net/eu/fhir/medigree/CodeSystem/Cs-med-relation-types"/>
            <code value="package-of"/>
            <display value="Package of"/>
          </contains>
          <contains>
            <system value="http://medigree.net/eu/fhir/medigree/CodeSystem/Cs-med-relation-types"/>
            <code value="contains"/>
            <display value="Contains"/>
          </contains>
          <contains>
            <system value="http://medigree.net/eu/fhir/medigree/CodeSystem/Cs-med-relation-types"/>
            <code value="matches"/>
            <display value="Matches"/>
          </contains>
        </expansion>
      </ValueSet>
    </resource>
  </entry>
</Bundle>