{
  "resourceType" : "Bundle",
  "id" : "6acdece1-41b4-41fa-97f8-2adf67724ac1",
  "meta" : {
    "lastUpdated" : "2022-05-26T15:10:33.337+00:00"
  },
  "type" : "collection",
  "entry" : [{
    "fullUrl" : "http://medigree.net/eu/fhir/medigree/ValueSet/BoSS-vs",
    "resource" : {
      "resourceType" : "ValueSet",
      "id" : "BoSS-vs",
      "text" : {
        "status" : "generated",
        "div" : "<div xmlns=\"http://www.w3.org/1999/xhtml\"><p>This value set contains 3 concepts</p><p style=\"border: black 1px dotted; background-color: #EEEEEE; padding: 8px; margin-bottom: 8px\">Expansion based on <a href=\"CodeSystem-BoSS-cs.html\">BoSS - Basis of Substance Strength options Code System v1.0.0 (CodeSystem)</a></p><p>All codes in this table are from the system <a href=\"CodeSystem-BoSS-cs.html\"><code>http://medigree.net/eu/fhir/medigree/CodeSystem/BoSS-cs</code></a></p><table class=\"codes\"><tr><td style=\"white-space:nowrap\"><b>Code</b></td><td><b>Display</b></td><td><b>Definition</b></td></tr><tr><td style=\"white-space:nowrap\"><a name=\"http---medigree.net-eu-fhir-medigree-CodeSystem-BoSS-cs-base\"> </a>  <a href=\"CodeSystem-BoSS-cs.html#BoSS-cs-base\">base</a></td><td>Base</td><td>The strength corresponds to the strength of the base substance</td></tr><tr><td style=\"white-space:nowrap\"><a name=\"http---medigree.net-eu-fhir-medigree-CodeSystem-BoSS-cs-base-modifier\"> </a>  <a href=\"CodeSystem-BoSS-cs.html#BoSS-cs-base-modifier\">base-modifier</a></td><td>Base and modifier</td><td>The strength corresponds to the strength of the modifier</td></tr><tr><td style=\"white-space:nowrap\"><a name=\"http---medigree.net-eu-fhir-medigree-CodeSystem-BoSS-cs-ref-substance\"> </a>  <a href=\"CodeSystem-BoSS-cs.html#BoSS-cs-ref-substance\">ref-substance</a></td><td>Reference Substance</td><td>The strength corresponds to the associated reference substance</td></tr></table></div>"
      },
      "url" : "http://medigree.net/eu/fhir/medigree/ValueSet/BoSS-vs",
      "version" : "1.0.0",
      "name" : "BoSSVS",
      "title" : "BoSS - Basis of Substance Strength options",
      "status" : "active",
      "date" : "2022-05-26T15:10:33+00:00",
      "publisher" : "My Organization",
      "contact" : [{
        "name" : "My Organization",
        "telecom" : [{
          "system" : "url",
          "value" : "http://example.com/committees"
        },
        {
          "system" : "email",
          "value" : "my-group@example.com"
        }]
      },
      {
        "name" : "Bob Smith",
        "telecom" : [{
          "system" : "email",
          "value" : "bobsmith@example.com",
          "use" : "work"
        }]
      }],
      "jurisdiction" : [{
        "coding" : [{
          "system" : "http://unstats.un.org/unsd/methods/m49/m49.htm",
          "code" : "001",
          "display" : "World"
        }]
      }],
      "expansion" : {
        "identifier" : "urn:uuid:a6e5d167-b10c-4008-b306-5ce94164e206",
        "timestamp" : "2022-05-26T15:10:51+00:00",
        "total" : 3,
        "parameter" : [{
          "name" : "excludeNested",
          "valueBoolean" : false
        },
        {
          "name" : "version",
          "valueUri" : "http://medigree.net/eu/fhir/medigree/CodeSystem/BoSS-cs|1.0.0"
        }],
        "contains" : [{
          "system" : "http://medigree.net/eu/fhir/medigree/CodeSystem/BoSS-cs",
          "code" : "base",
          "display" : "Base"
        },
        {
          "system" : "http://medigree.net/eu/fhir/medigree/CodeSystem/BoSS-cs",
          "code" : "base-modifier",
          "display" : "Base and modifier"
        },
        {
          "system" : "http://medigree.net/eu/fhir/medigree/CodeSystem/BoSS-cs",
          "code" : "ref-substance",
          "display" : "Reference Substance"
        }]
      }
    }
  },
  {
    "fullUrl" : "http://medigree.net/eu/fhir/medigree/ValueSet/ConcPres-vs",
    "resource" : {
      "resourceType" : "ValueSet",
      "id" : "ConcPres-vs",
      "text" : {
        "status" : "generated",
        "div" : "<div xmlns=\"http://www.w3.org/1999/xhtml\"><p>This value set contains 2 concepts</p><p style=\"border: black 1px dotted; background-color: #EEEEEE; padding: 8px; margin-bottom: 8px\">Expansion based on <a href=\"CodeSystem-ConcPres-cs.html\">Concentration or Presentation Code System v1.0.0 (CodeSystem)</a></p><p>All codes in this table are from the system <a href=\"CodeSystem-ConcPres-cs.html\"><code>http://medigree.net/eu/fhir/medigree/CodeSystem/ConcPres-cs</code></a></p><table class=\"codes\"><tr><td style=\"white-space:nowrap\"><b>Code</b></td><td><b>Display</b></td><td><b>Definition</b></td></tr><tr><td style=\"white-space:nowrap\"><a name=\"http---medigree.net-eu-fhir-medigree-CodeSystem-ConcPres-cs-concentration\"> </a>  <a href=\"CodeSystem-ConcPres-cs.html#ConcPres-cs-concentration\">concentration</a></td><td>Concentration</td><td>Concentration</td></tr><tr><td style=\"white-space:nowrap\"><a name=\"http---medigree.net-eu-fhir-medigree-CodeSystem-ConcPres-cs-presentation\"> </a>  <a href=\"CodeSystem-ConcPres-cs.html#ConcPres-cs-presentation\">presentation</a></td><td>Presentation</td><td>Presentation</td></tr></table></div>"
      },
      "url" : "http://medigree.net/eu/fhir/medigree/ValueSet/ConcPres-vs",
      "version" : "1.0.0",
      "name" : "ConcPresVS",
      "title" : "Concentration or Presentation Value Set",
      "status" : "active",
      "date" : "2022-05-26T15:10:33+00:00",
      "publisher" : "My Organization",
      "contact" : [{
        "name" : "My Organization",
        "telecom" : [{
          "system" : "url",
          "value" : "http://example.com/committees"
        },
        {
          "system" : "email",
          "value" : "my-group@example.com"
        }]
      },
      {
        "name" : "Bob Smith",
        "telecom" : [{
          "system" : "email",
          "value" : "bobsmith@example.com",
          "use" : "work"
        }]
      }],
      "jurisdiction" : [{
        "coding" : [{
          "system" : "http://unstats.un.org/unsd/methods/m49/m49.htm",
          "code" : "001",
          "display" : "World"
        }]
      }],
      "expansion" : {
        "identifier" : "urn:uuid:45fbc2ae-64d8-462a-ad1f-147236be9b0a",
        "timestamp" : "2022-05-26T15:10:51+00:00",
        "total" : 2,
        "parameter" : [{
          "name" : "excludeNested",
          "valueBoolean" : false
        },
        {
          "name" : "version",
          "valueUri" : "http://medigree.net/eu/fhir/medigree/CodeSystem/ConcPres-cs|1.0.0"
        }],
        "contains" : [{
          "system" : "http://medigree.net/eu/fhir/medigree/CodeSystem/ConcPres-cs",
          "code" : "concentration",
          "display" : "Concentration"
        },
        {
          "system" : "http://medigree.net/eu/fhir/medigree/CodeSystem/ConcPres-cs",
          "code" : "presentation",
          "display" : "Presentation"
        }]
      }
    }
  },
  {
    "fullUrl" : "http://medigree.net/eu/fhir/medigree/ValueSet/dose-form-ontology-cs",
    "resource" : {
      "resourceType" : "ValueSet",
      "id" : "dose-form-ontology-cs",
      "text" : {
        "status" : "generated",
        "div" : "<div xmlns=\"http://www.w3.org/1999/xhtml\"><p>This value set contains 4 concepts</p><p style=\"border: black 1px dotted; background-color: #EEEEEE; padding: 8px; margin-bottom: 8px\">Expansion based on <a href=\"CodeSystem-dose-form-ontology-cs.html\">Dose Form Ontology Code System v1.0.0 (CodeSystem)</a></p><p>All codes in this table are from the system <a href=\"CodeSystem-dose-form-ontology-cs.html\"><code>http://medigree.net/eu/fhir/medigree/CodeSystem/dose-form-ontology-cs</code></a></p><table class=\"codes\"><tr><td><b>Level</b></td><td style=\"white-space:nowrap\"><b>Code</b></td><td><b>Display</b></td><td><b>Definition</b></td></tr><tr><td><a name=\"http---medigree.net-eu-fhir-medigree-CodeSystem-dose-form-ontology-cs-20053000\"> </a>1</td><td style=\"white-space:nowrap\">  <a href=\"CodeSystem-dose-form-ontology-cs.html#dose-form-ontology-cs-20053000\">20053000</a></td><td>Oral use</td><td>Oral Use</td></tr><tr><td><a name=\"http---medigree.net-eu-fhir-medigree-CodeSystem-dose-form-ontology-cs-10220XXX\"> </a>2</td><td style=\"white-space:nowrap\">    <a href=\"CodeSystem-dose-form-ontology-cs.html#dose-form-ontology-cs-10220XXX\">10220XXX</a></td><td>Capsule</td><td>Capsule</td></tr><tr><td><a name=\"http---medigree.net-eu-fhir-medigree-CodeSystem-dose-form-ontology-cs-10220000\"> </a>2</td><td style=\"white-space:nowrap\">    <a href=\"CodeSystem-dose-form-ontology-cs.html#dose-form-ontology-cs-10220000\">10220000</a></td><td>Tablet</td><td>Tablet</td></tr><tr><td><a name=\"http---medigree.net-eu-fhir-medigree-CodeSystem-dose-form-ontology-cs-10318000\"> </a>3</td><td style=\"white-space:nowrap\">      <a href=\"CodeSystem-dose-form-ontology-cs.html#dose-form-ontology-cs-10318000\">10318000</a></td><td>Sublingual tablet</td><td>Sublingual tablet</td></tr></table></div>"
      },
      "url" : "http://medigree.net/eu/fhir/medigree/ValueSet/dose-form-ontology-cs",
      "version" : "1.0.0",
      "name" : "DoseFormOntologyCS",
      "title" : "Dose Form ontology Value Set",
      "status" : "active",
      "date" : "2022-05-26T15:10:33+00:00",
      "publisher" : "My Organization",
      "contact" : [{
        "name" : "My Organization",
        "telecom" : [{
          "system" : "url",
          "value" : "http://example.com/committees"
        },
        {
          "system" : "email",
          "value" : "my-group@example.com"
        }]
      },
      {
        "name" : "Bob Smith",
        "telecom" : [{
          "system" : "email",
          "value" : "bobsmith@example.com",
          "use" : "work"
        }]
      }],
      "jurisdiction" : [{
        "coding" : [{
          "system" : "http://unstats.un.org/unsd/methods/m49/m49.htm",
          "code" : "001",
          "display" : "World"
        }]
      }],
      "expansion" : {
        "identifier" : "urn:uuid:d563a57c-61c8-4036-99e7-948071997462",
        "timestamp" : "2022-05-26T15:10:51+00:00",
        "total" : 4,
        "parameter" : [{
          "name" : "excludeNested",
          "valueBoolean" : false
        },
        {
          "name" : "version",
          "valueUri" : "http://medigree.net/eu/fhir/medigree/CodeSystem/dose-form-ontology-cs|1.0.0"
        }],
        "contains" : [{
          "system" : "http://medigree.net/eu/fhir/medigree/CodeSystem/dose-form-ontology-cs",
          "code" : "20053000",
          "display" : "Oral use",
          "contains" : [{
            "system" : "http://medigree.net/eu/fhir/medigree/CodeSystem/dose-form-ontology-cs",
            "code" : "10220XXX",
            "display" : "Capsule"
          },
          {
            "system" : "http://medigree.net/eu/fhir/medigree/CodeSystem/dose-form-ontology-cs",
            "code" : "10220000",
            "display" : "Tablet",
            "contains" : [{
              "system" : "http://medigree.net/eu/fhir/medigree/CodeSystem/dose-form-ontology-cs",
              "code" : "10318000",
              "display" : "Sublingual tablet"
            }]
          }]
        }]
      }
    }
  },
  {
    "fullUrl" : "http://medigree.net/eu/fhir/medigree/ValueSet/Pattern-vs",
    "resource" : {
      "resourceType" : "ValueSet",
      "id" : "Pattern-vs",
      "text" : {
        "status" : "generated",
        "div" : "<div xmlns=\"http://www.w3.org/1999/xhtml\"><p>This value set contains 2 concepts</p><p style=\"border: black 1px dotted; background-color: #EEEEEE; padding: 8px; margin-bottom: 8px\">Expansion based on <a href=\"CodeSystem-Pattern-cs.html\">Presentation pattern Code System v1.0.0 (CodeSystem)</a></p><p>All codes in this table are from the system <a href=\"CodeSystem-Pattern-cs.html\"><code>http://medigree.net/eu/fhir/medigree/CodeSystem/Pattern-cs</code></a></p><table class=\"codes\"><tr><td style=\"white-space:nowrap\"><b>Code</b></td><td><b>Display</b></td><td><b>Definition</b></td></tr><tr><td style=\"white-space:nowrap\"><a name=\"http---medigree.net-eu-fhir-medigree-CodeSystem-Pattern-cs-oral-solid\"> </a>  <a href=\"CodeSystem-Pattern-cs.html#Pattern-cs-oral-solid\">oral-solid</a></td><td>Oral Solid</td><td>Oral Solid</td></tr><tr><td style=\"white-space:nowrap\"><a name=\"http---medigree.net-eu-fhir-medigree-CodeSystem-Pattern-cs-injectable\"> </a>  <a href=\"CodeSystem-Pattern-cs.html#Pattern-cs-injectable\">injectable</a></td><td>Injectable</td><td>Injectable</td></tr></table></div>"
      },
      "url" : "http://medigree.net/eu/fhir/medigree/ValueSet/Pattern-vs",
      "version" : "1.0.0",
      "name" : "PatternVS",
      "title" : "Presentation pattern Value Set",
      "status" : "active",
      "date" : "2022-05-26T15:10:33+00:00",
      "publisher" : "My Organization",
      "contact" : [{
        "name" : "My Organization",
        "telecom" : [{
          "system" : "url",
          "value" : "http://example.com/committees"
        },
        {
          "system" : "email",
          "value" : "my-group@example.com"
        }]
      },
      {
        "name" : "Bob Smith",
        "telecom" : [{
          "system" : "email",
          "value" : "bobsmith@example.com",
          "use" : "work"
        }]
      }],
      "jurisdiction" : [{
        "coding" : [{
          "system" : "http://unstats.un.org/unsd/methods/m49/m49.htm",
          "code" : "001",
          "display" : "World"
        }]
      }],
      "expansion" : {
        "identifier" : "urn:uuid:ffca3bdd-042d-48b5-bbd3-8b8517871274",
        "timestamp" : "2022-05-26T15:10:51+00:00",
        "total" : 2,
        "parameter" : [{
          "name" : "excludeNested",
          "valueBoolean" : false
        },
        {
          "name" : "version",
          "valueUri" : "http://medigree.net/eu/fhir/medigree/CodeSystem/Pattern-cs|1.0.0"
        }],
        "contains" : [{
          "system" : "http://medigree.net/eu/fhir/medigree/CodeSystem/Pattern-cs",
          "code" : "oral-solid",
          "display" : "Oral Solid"
        },
        {
          "system" : "http://medigree.net/eu/fhir/medigree/CodeSystem/Pattern-cs",
          "code" : "injectable",
          "display" : "Injectable"
        }]
      }
    }
  },
  {
    "fullUrl" : "https://fhirbender.github.io/mpd-box/ValueSet/prod-type-cs",
    "resource" : {
      "resourceType" : "ValueSet",
      "id" : "prod-type-vs",
      "text" : {
        "status" : "generated",
        "div" : "<div xmlns=\"http://www.w3.org/1999/xhtml\"><p>This value set contains 6 concepts</p><p style=\"border: black 1px dotted; background-color: #EEEEEE; padding: 8px; margin-bottom: 8px\">Expansion based on <a href=\"CodeSystem-prod-type-cs.html\">Product Types code system v1.0.0 (CodeSystem)</a></p><p>All codes in this table are from the system <a href=\"CodeSystem-prod-type-cs.html\"><code>https://fhirbender.github.io/mpd-box/CodeSystem/prod-type-cs</code></a></p><table class=\"codes\"><tr><td style=\"white-space:nowrap\"><b>Code</b></td><td><b>Display</b></td></tr><tr><td style=\"white-space:nowrap\"><a name=\"https---fhirbender.github.io-mpd-box-CodeSystem-prod-type-cs-IDMP-PhP\"> </a>  <a href=\"CodeSystem-prod-type-cs.html#prod-type-cs-IDMP_PhP\">IDMP_PhP</a></td><td>IDMP Pharmaceutical Product</td></tr><tr><td style=\"white-space:nowrap\"><a name=\"https---fhirbender.github.io-mpd-box-CodeSystem-prod-type-cs-IDMP-MP\"> </a>  <a href=\"CodeSystem-prod-type-cs.html#prod-type-cs-IDMP_MP\">IDMP_MP</a></td><td>IDMP Medicinal Product</td></tr><tr><td style=\"white-space:nowrap\"><a name=\"https---fhirbender.github.io-mpd-box-CodeSystem-prod-type-cs-IDMP-PP\"> </a>  <a href=\"CodeSystem-prod-type-cs.html#prod-type-cs-IDMP_PP\">IDMP_PP</a></td><td>IDMP Packaged Medicinal Product</td></tr><tr><td style=\"white-space:nowrap\"><a name=\"https---fhirbender.github.io-mpd-box-CodeSystem-prod-type-cs-BE-MP\"> </a>  <a href=\"CodeSystem-prod-type-cs.html#prod-type-cs-BE_MP\">BE_MP</a></td><td>Belgian Medicinal Product</td></tr><tr><td style=\"white-space:nowrap\"><a name=\"https---fhirbender.github.io-mpd-box-CodeSystem-prod-type-cs-BE-VMP\"> </a>  <a href=\"CodeSystem-prod-type-cs.html#prod-type-cs-BE_VMP\">BE_VMP</a></td><td>Belgian Virtual Medicinal Product</td></tr><tr><td style=\"white-space:nowrap\"><a name=\"https---fhirbender.github.io-mpd-box-CodeSystem-prod-type-cs-ePI\"> </a>  <a href=\"CodeSystem-prod-type-cs.html#prod-type-cs-ePI\">ePI</a></td><td>ePI</td></tr></table></div>"
      },
      "url" : "https://fhirbender.github.io/mpd-box/ValueSet/prod-type-cs",
      "version" : "1.0.0",
      "name" : "ProductTypeVS",
      "title" : "Product Types Value Set",
      "status" : "active",
      "date" : "2022-05-26T15:10:33+00:00",
      "publisher" : "My Organization",
      "contact" : [{
        "name" : "My Organization",
        "telecom" : [{
          "system" : "url",
          "value" : "http://example.com/committees"
        },
        {
          "system" : "email",
          "value" : "my-group@example.com"
        }]
      },
      {
        "name" : "Bob Smith",
        "telecom" : [{
          "system" : "email",
          "value" : "bobsmith@example.com",
          "use" : "work"
        }]
      }],
      "description" : "Product Types Value Set.",
      "jurisdiction" : [{
        "coding" : [{
          "system" : "http://unstats.un.org/unsd/methods/m49/m49.htm",
          "code" : "001",
          "display" : "World"
        }]
      }],
      "expansion" : {
        "identifier" : "urn:uuid:64c5cee5-ad38-4d4c-acb9-3d7e4111be2e",
        "timestamp" : "2022-05-26T15:10:51+00:00",
        "total" : 6,
        "parameter" : [{
          "name" : "excludeNested",
          "valueBoolean" : false
        },
        {
          "name" : "version",
          "valueUri" : "https://fhirbender.github.io/mpd-box/CodeSystem/prod-type-cs|1.0.0"
        }],
        "contains" : [{
          "system" : "https://fhirbender.github.io/mpd-box/CodeSystem/prod-type-cs",
          "code" : "IDMP_PhP",
          "display" : "IDMP Pharmaceutical Product"
        },
        {
          "system" : "https://fhirbender.github.io/mpd-box/CodeSystem/prod-type-cs",
          "code" : "IDMP_MP",
          "display" : "IDMP Medicinal Product"
        },
        {
          "system" : "https://fhirbender.github.io/mpd-box/CodeSystem/prod-type-cs",
          "code" : "IDMP_PP",
          "display" : "IDMP Packaged Medicinal Product"
        },
        {
          "system" : "https://fhirbender.github.io/mpd-box/CodeSystem/prod-type-cs",
          "code" : "BE_MP",
          "display" : "Belgian Medicinal Product"
        },
        {
          "system" : "https://fhirbender.github.io/mpd-box/CodeSystem/prod-type-cs",
          "code" : "BE_VMP",
          "display" : "Belgian Virtual Medicinal Product"
        },
        {
          "system" : "https://fhirbender.github.io/mpd-box/CodeSystem/prod-type-cs",
          "code" : "ePI",
          "display" : "ePI"
        }]
      }
    }
  }]
}