{
  "resourceType": "ValueSet",
  "id": "vs-med-relation-types",
  "text": {
    "status": "generated",
    "div": "<div xmlns=\"http://www.w3.org/1999/xhtml\"><ul><li>Include all codes defined in <a href=\"CodeSystem-Cs-med-relation-types.html\"><code>http://medigree.net/eu/fhir/medigree/CodeSystem/Cs-med-relation-types</code></a></li></ul></div>"
  },
  "url": "http://medigree.net/eu/fhir/medigree/ValueSet/vs-med-relation-types",
  "version": "1.0.0",
  "name": "VSMedRelationTypes",
  "title": "Marketing Authorization Holder",
  "status": "active",
  "date": "2022-06-07T12:51:30+00:00",
  "publisher": "My Organization",
  "contact": [
    {
      "name": "My Organization",
      "telecom": [
        {
          "system": "url",
          "value": "http://example.com/committees"
        },
        {
          "system": "email",
          "value": "my-group@example.com"
        }
      ]
    },
    {
      "name": "Bob Smith",
      "telecom": [
        {
          "system": "email",
          "value": "bobsmith@example.com",
          "use": "work"
        }
      ]
    }
  ],
  "description": "Marketing Authorization Holder.",
  "jurisdiction": [
    {
      "coding": [
        {
          "system": "http://unstats.un.org/unsd/methods/m49/m49.htm",
          "code": "001",
          "display": "World"
        }
      ]
    }
  ],
  "compose": {
    "include": [
      {
        "system": "http://medigree.net/eu/fhir/medigree/CodeSystem/Cs-med-relation-types"
      }
    ]
  }
}