<?xml version="1.0" encoding="UTF-8"?><StructureDefinition xmlns="http://hl7.org/fhir"><id value="IDMPPhPModel"/><text><status value="extensions"/><div xmlns="http://www.w3.org/1999/xhtml"><table border="0" cellpadding="0" cellspacing="0" style="border: 0px #F0F0F0 solid; font-size: 11px; font-family: verdana; vertical-align: top;"><tr style="border: 1px #F0F0F0 solid; font-size: 11px; font-family: verdana; vertical-align: top"><th style="vertical-align: top; text-align : left; background-color: white; border: 0px #F0F0F0 solid; padding:0px 4px 0px 4px" class="hierarchy"><a href="http://hl7.org/fhir/R4/formats.html#table" title="The logical name of the element">Name</a></th><th style="vertical-align: top; text-align : left; background-color: white; border: 0px #F0F0F0 solid; padding:0px 4px 0px 4px" class="hierarchy"><a href="http://hl7.org/fhir/R4/formats.html#table" title="Information about the use of the element">Flags</a></th><th style="vertical-align: top; text-align : left; background-color: white; border: 0px #F0F0F0 solid; padding:0px 4px 0px 4px" class="hierarchy"><a href="http://hl7.org/fhir/R4/formats.html#table" title="Minimum and Maximum # of times the the element can appear in the instance">Card.</a></th><th style="width: 100px" class="hierarchy"><a href="http://hl7.org/fhir/R4/formats.html#table" title="Reference to the type of the element">Type</a></th><th style="vertical-align: top; text-align : left; background-color: white; border: 0px #F0F0F0 solid; padding:0px 4px 0px 4px" class="hierarchy"><a href="http://hl7.org/fhir/R4/formats.html#table" title="Additional information about the element">Description &amp; Constraints</a><span style="float: right"><a href="http://hl7.org/fhir/R4/formats.html#table" title="Legend for this format"><img src="http://hl7.org/fhir/R4/help16.png" alt="doco" style="background-color: inherit"/></a></span></th></tr><tr style="border: 0px #F0F0F0 solid; padding:0px; vertical-align: top; background-color: white"><td style="vertical-align: top; text-align : left; background-color: white; border: 0px #F0F0F0 solid; padding:0px 4px 0px 4px; white-space: nowrap; background-image: url(tbl_bck1.png)" class="hierarchy"><img src="tbl_spacer.png" alt="." style="background-color: inherit" class="hierarchy"/><img src="icon_element.gif" alt="." style="background-color: white; background-color: inherit" title="Element" class="hierarchy"/> <a href="StructureDefinition-IDMPPhPModel-definitions.html#IDMPPhPModel" title="IDMP Pharmaceutical Product logical model">IDMPPhPModel</a><a name="IDMPPhPModel"> </a></td><td style="vertical-align: top; text-align : left; background-color: white; border: 0px #F0F0F0 solid; padding:0px 4px 0px 4px" class="hierarchy"/><td style="vertical-align: top; text-align : left; background-color: white; border: 0px #F0F0F0 solid; padding:0px 4px 0px 4px" class="hierarchy"><span style="opacity: 0.5">0</span><span style="opacity: 0.5">..</span><span style="opacity: 0.5">*</span></td><td style="vertical-align: top; text-align : left; background-color: white; border: 0px #F0F0F0 solid; padding:0px 4px 0px 4px" class="hierarchy"><a href="http://hl7.org/fhir/R4/datatypes.html#Element">Element</a></td><td style="vertical-align: top; text-align : left; background-color: white; border: 0px #F0F0F0 solid; padding:0px 4px 0px 4px" class="hierarchy">IDMP Pharmaceutical Product logical model</td></tr>
<tr style="border: 0px #F0F0F0 solid; padding:0px; vertical-align: top; background-color: #F7F7F7"><td style="vertical-align: top; text-align : left; background-color: #F7F7F7; border: 0px #F0F0F0 solid; padding:0px 4px 0px 4px; white-space: nowrap; background-image: url(tbl_bck11.png)" class="hierarchy"><img src="tbl_spacer.png" alt="." style="background-color: inherit" class="hierarchy"/><img src="tbl_vjoin.png" alt="." style="background-color: inherit" class="hierarchy"/><img src="icon_datatype.gif" alt="." style="background-color: #F7F7F7; background-color: inherit" title="Data Type" class="hierarchy"/> <a href="StructureDefinition-IDMPPhPModel-definitions.html#IDMPPhPModel.identifier" title="Identifiers">identifier</a><a name="IDMPPhPModel.identifier"> </a></td><td style="vertical-align: top; text-align : left; background-color: #F7F7F7; border: 0px #F0F0F0 solid; padding:0px 4px 0px 4px" class="hierarchy"/><td style="vertical-align: top; text-align : left; background-color: #F7F7F7; border: 0px #F0F0F0 solid; padding:0px 4px 0px 4px" class="hierarchy">0..*</td><td style="vertical-align: top; text-align : left; background-color: #F7F7F7; border: 0px #F0F0F0 solid; padding:0px 4px 0px 4px" class="hierarchy"><a href="http://hl7.org/fhir/R4/datatypes.html#BackboneElement">BackboneElement</a></td><td style="vertical-align: top; text-align : left; background-color: #F7F7F7; border: 0px #F0F0F0 solid; padding:0px 4px 0px 4px" class="hierarchy">Identifiers<br/></td></tr>
<tr style="border: 0px #F0F0F0 solid; padding:0px; vertical-align: top; background-color: white"><td style="vertical-align: top; text-align : left; background-color: white; border: 0px #F0F0F0 solid; padding:0px 4px 0px 4px; white-space: nowrap; background-image: url(tbl_bck110.png)" class="hierarchy"><img src="tbl_spacer.png" alt="." style="background-color: inherit" class="hierarchy"/><img src="tbl_vline.png" alt="." style="background-color: inherit" class="hierarchy"/><img src="tbl_vjoin.png" alt="." style="background-color: inherit" class="hierarchy"/><img src="icon_datatype.gif" alt="." style="background-color: white; background-color: inherit" title="Data Type" class="hierarchy"/> <a href="StructureDefinition-IDMPPhPModel-definitions.html#IDMPPhPModel.identifier.l1-identifier" title="IDMP PhPID Level 1">l1_identifier</a><a name="IDMPPhPModel.identifier.l1_identifier"> </a></td><td style="vertical-align: top; text-align : left; background-color: white; border: 0px #F0F0F0 solid; padding:0px 4px 0px 4px" class="hierarchy"/><td style="vertical-align: top; text-align : left; background-color: white; border: 0px #F0F0F0 solid; padding:0px 4px 0px 4px" class="hierarchy">0..1</td><td style="vertical-align: top; text-align : left; background-color: white; border: 0px #F0F0F0 solid; padding:0px 4px 0px 4px" class="hierarchy"><a href="http://hl7.org/fhir/R4/datatypes.html#Identifier">Identifier</a></td><td style="vertical-align: top; text-align : left; background-color: white; border: 0px #F0F0F0 solid; padding:0px 4px 0px 4px" class="hierarchy">IDMP PhPID Level 1</td></tr>
<tr style="border: 0px #F0F0F0 solid; padding:0px; vertical-align: top; background-color: #F7F7F7"><td style="vertical-align: top; text-align : left; background-color: #F7F7F7; border: 0px #F0F0F0 solid; padding:0px 4px 0px 4px; white-space: nowrap; background-image: url(tbl_bck110.png)" class="hierarchy"><img src="tbl_spacer.png" alt="." style="background-color: inherit" class="hierarchy"/><img src="tbl_vline.png" alt="." style="background-color: inherit" class="hierarchy"/><img src="tbl_vjoin.png" alt="." style="background-color: inherit" class="hierarchy"/><img src="icon_datatype.gif" alt="." style="background-color: #F7F7F7; background-color: inherit" title="Data Type" class="hierarchy"/> <a href="StructureDefinition-IDMPPhPModel-definitions.html#IDMPPhPModel.identifier.l2-identifier" title="IDMP PhPID Level 2">l2_identifier</a><a name="IDMPPhPModel.identifier.l2_identifier"> </a></td><td style="vertical-align: top; text-align : left; background-color: #F7F7F7; border: 0px #F0F0F0 solid; padding:0px 4px 0px 4px" class="hierarchy"/><td style="vertical-align: top; text-align : left; background-color: #F7F7F7; border: 0px #F0F0F0 solid; padding:0px 4px 0px 4px" class="hierarchy">0..1</td><td style="vertical-align: top; text-align : left; background-color: #F7F7F7; border: 0px #F0F0F0 solid; padding:0px 4px 0px 4px" class="hierarchy"><a href="http://hl7.org/fhir/R4/datatypes.html#Identifier">Identifier</a></td><td style="vertical-align: top; text-align : left; background-color: #F7F7F7; border: 0px #F0F0F0 solid; padding:0px 4px 0px 4px" class="hierarchy">IDMP PhPID Level 2</td></tr>
<tr style="border: 0px #F0F0F0 solid; padding:0px; vertical-align: top; background-color: white"><td style="vertical-align: top; text-align : left; background-color: white; border: 0px #F0F0F0 solid; padding:0px 4px 0px 4px; white-space: nowrap; background-image: url(tbl_bck110.png)" class="hierarchy"><img src="tbl_spacer.png" alt="." style="background-color: inherit" class="hierarchy"/><img src="tbl_vline.png" alt="." style="background-color: inherit" class="hierarchy"/><img src="tbl_vjoin.png" alt="." style="background-color: inherit" class="hierarchy"/><img src="icon_datatype.gif" alt="." style="background-color: white; background-color: inherit" title="Data Type" class="hierarchy"/> <a href="StructureDefinition-IDMPPhPModel-definitions.html#IDMPPhPModel.identifier.l3-identifier" title="IDMP PhPID Level 3">l3_identifier</a><a name="IDMPPhPModel.identifier.l3_identifier"> </a></td><td style="vertical-align: top; text-align : left; background-color: white; border: 0px #F0F0F0 solid; padding:0px 4px 0px 4px" class="hierarchy"/><td style="vertical-align: top; text-align : left; background-color: white; border: 0px #F0F0F0 solid; padding:0px 4px 0px 4px" class="hierarchy">0..1</td><td style="vertical-align: top; text-align : left; background-color: white; border: 0px #F0F0F0 solid; padding:0px 4px 0px 4px" class="hierarchy"><a href="http://hl7.org/fhir/R4/datatypes.html#Identifier">Identifier</a></td><td style="vertical-align: top; text-align : left; background-color: white; border: 0px #F0F0F0 solid; padding:0px 4px 0px 4px" class="hierarchy">IDMP PhPID Level 3</td></tr>
<tr style="border: 0px #F0F0F0 solid; padding:0px; vertical-align: top; background-color: #F7F7F7"><td style="vertical-align: top; text-align : left; background-color: #F7F7F7; border: 0px #F0F0F0 solid; padding:0px 4px 0px 4px; white-space: nowrap; background-image: url(tbl_bck100.png)" class="hierarchy"><img src="tbl_spacer.png" alt="." style="background-color: inherit" class="hierarchy"/><img src="tbl_vline.png" alt="." style="background-color: inherit" class="hierarchy"/><img src="tbl_vjoin_end.png" alt="." style="background-color: inherit" class="hierarchy"/><img src="icon_datatype.gif" alt="." style="background-color: #F7F7F7; background-color: inherit" title="Data Type" class="hierarchy"/> <a href="StructureDefinition-IDMPPhPModel-definitions.html#IDMPPhPModel.identifier.l4-identifier" title="IDMP PhPID Level 4">l4_identifier</a><a name="IDMPPhPModel.identifier.l4_identifier"> </a></td><td style="vertical-align: top; text-align : left; background-color: #F7F7F7; border: 0px #F0F0F0 solid; padding:0px 4px 0px 4px" class="hierarchy"/><td style="vertical-align: top; text-align : left; background-color: #F7F7F7; border: 0px #F0F0F0 solid; padding:0px 4px 0px 4px" class="hierarchy">0..1</td><td style="vertical-align: top; text-align : left; background-color: #F7F7F7; border: 0px #F0F0F0 solid; padding:0px 4px 0px 4px" class="hierarchy"><a href="http://hl7.org/fhir/R4/datatypes.html#Identifier">Identifier</a></td><td style="vertical-align: top; text-align : left; background-color: #F7F7F7; border: 0px #F0F0F0 solid; padding:0px 4px 0px 4px" class="hierarchy">IDMP PhPID Level 4<br/><span style="font-weight:bold">Example (illustrative): </span><span style="color: darkgreen">0x073AF2E5B92AE19E8B67635AFFB3D6CA</span></td></tr>
<tr style="border: 0px #F0F0F0 solid; padding:0px; vertical-align: top; background-color: white"><td style="vertical-align: top; text-align : left; background-color: white; border: 0px #F0F0F0 solid; padding:0px 4px 0px 4px; white-space: nowrap; background-image: url(tbl_bck01.png)" class="hierarchy"><img src="tbl_spacer.png" alt="." style="background-color: inherit" class="hierarchy"/><img src="tbl_vjoin_end.png" alt="." style="background-color: inherit" class="hierarchy"/><img src="icon_datatype.gif" alt="." style="background-color: white; background-color: inherit" title="Data Type" class="hierarchy"/> <a href="StructureDefinition-IDMPPhPModel-definitions.html#IDMPPhPModel.ingredient" title="Ingredient(s) that are part of the product, with therapeutical usage or not">ingredient</a><a name="IDMPPhPModel.ingredient"> </a></td><td style="vertical-align: top; text-align : left; background-color: white; border: 0px #F0F0F0 solid; padding:0px 4px 0px 4px" class="hierarchy"/><td style="vertical-align: top; text-align : left; background-color: white; border: 0px #F0F0F0 solid; padding:0px 4px 0px 4px" class="hierarchy">1..*</td><td style="vertical-align: top; text-align : left; background-color: white; border: 0px #F0F0F0 solid; padding:0px 4px 0px 4px" class="hierarchy"><a href="http://hl7.org/fhir/R4/datatypes.html#BackboneElement">BackboneElement</a></td><td style="vertical-align: top; text-align : left; background-color: white; border: 0px #F0F0F0 solid; padding:0px 4px 0px 4px" class="hierarchy">Ingredient(s) that are part of the product, with therapeutical usage or not<br/></td></tr>
<tr style="border: 0px #F0F0F0 solid; padding:0px; vertical-align: top; background-color: #F7F7F7"><td style="vertical-align: top; text-align : left; background-color: #F7F7F7; border: 0px #F0F0F0 solid; padding:0px 4px 0px 4px; white-space: nowrap; background-image: url(tbl_bck010.png)" class="hierarchy"><img src="tbl_spacer.png" alt="." style="background-color: inherit" class="hierarchy"/><img src="tbl_blank.png" alt="." style="background-color: inherit" class="hierarchy"/><img src="tbl_vjoin.png" alt="." style="background-color: inherit" class="hierarchy"/><img src="icon_datatype.gif" alt="." style="background-color: #F7F7F7; background-color: inherit" title="Data Type" class="hierarchy"/> <a href="StructureDefinition-IDMPPhPModel-definitions.html#IDMPPhPModel.ingredient.substance" title="Codification of the substance">substance</a><a name="IDMPPhPModel.ingredient.substance"> </a></td><td style="vertical-align: top; text-align : left; background-color: #F7F7F7; border: 0px #F0F0F0 solid; padding:0px 4px 0px 4px" class="hierarchy"/><td style="vertical-align: top; text-align : left; background-color: #F7F7F7; border: 0px #F0F0F0 solid; padding:0px 4px 0px 4px" class="hierarchy">1..1</td><td style="vertical-align: top; text-align : left; background-color: #F7F7F7; border: 0px #F0F0F0 solid; padding:0px 4px 0px 4px" class="hierarchy"><a href="http://hl7.org/fhir/R4/datatypes.html#CodeableConcept">CodeableConcept</a></td><td style="vertical-align: top; text-align : left; background-color: #F7F7F7; border: 0px #F0F0F0 solid; padding:0px 4px 0px 4px" class="hierarchy">Codification of the substance<br/><span style="font-weight:bold">Example (illustrative): </span><span style="color: darkgreen">Amlodipine Besilate</span></td></tr>
<tr style="border: 0px #F0F0F0 solid; padding:0px; vertical-align: top; background-color: white"><td style="vertical-align: top; text-align : left; background-color: white; border: 0px #F0F0F0 solid; padding:0px 4px 0px 4px; white-space: nowrap; background-image: url(tbl_bck011.png)" class="hierarchy"><img src="tbl_spacer.png" alt="." style="background-color: inherit" class="hierarchy"/><img src="tbl_blank.png" alt="." style="background-color: inherit" class="hierarchy"/><img src="tbl_vjoin.png" alt="." style="background-color: inherit" class="hierarchy"/><img src="icon_datatype.gif" alt="." style="background-color: white; background-color: inherit" title="Data Type" class="hierarchy"/> <a href="StructureDefinition-IDMPPhPModel-definitions.html#IDMPPhPModel.ingredient.strength" title="Authorized strength of the substance">strength</a><a name="IDMPPhPModel.ingredient.strength"> </a></td><td style="vertical-align: top; text-align : left; background-color: white; border: 0px #F0F0F0 solid; padding:0px 4px 0px 4px" class="hierarchy"/><td style="vertical-align: top; text-align : left; background-color: white; border: 0px #F0F0F0 solid; padding:0px 4px 0px 4px" class="hierarchy">1..1</td><td style="vertical-align: top; text-align : left; background-color: white; border: 0px #F0F0F0 solid; padding:0px 4px 0px 4px" class="hierarchy"><a href="http://hl7.org/fhir/R4/datatypes.html#BackboneElement">BackboneElement</a></td><td style="vertical-align: top; text-align : left; background-color: white; border: 0px #F0F0F0 solid; padding:0px 4px 0px 4px" class="hierarchy">Authorized strength of the substance</td></tr>
<tr style="border: 0px #F0F0F0 solid; padding:0px; vertical-align: top; background-color: #F7F7F7"><td style="vertical-align: top; text-align : left; background-color: #F7F7F7; border: 0px #F0F0F0 solid; padding:0px 4px 0px 4px; white-space: nowrap; background-image: url(tbl_bck0111.png)" class="hierarchy"><img src="tbl_spacer.png" alt="." style="background-color: inherit" class="hierarchy"/><img src="tbl_blank.png" alt="." style="background-color: inherit" class="hierarchy"/><img src="tbl_vline.png" alt="." style="background-color: inherit" class="hierarchy"/><img src="tbl_vjoin.png" alt="." style="background-color: inherit" class="hierarchy"/><img src="icon_datatype.gif" alt="." style="background-color: #F7F7F7; background-color: inherit" title="Data Type" class="hierarchy"/> <a href="StructureDefinition-IDMPPhPModel-definitions.html#IDMPPhPModel.ingredient.strength.strengthValue" title="Strength of the substance in this product">strengthValue</a><a name="IDMPPhPModel.ingredient.strength.strengthValue"> </a></td><td style="vertical-align: top; text-align : left; background-color: #F7F7F7; border: 0px #F0F0F0 solid; padding:0px 4px 0px 4px" class="hierarchy"/><td style="vertical-align: top; text-align : left; background-color: #F7F7F7; border: 0px #F0F0F0 solid; padding:0px 4px 0px 4px" class="hierarchy">1..1</td><td style="vertical-align: top; text-align : left; background-color: #F7F7F7; border: 0px #F0F0F0 solid; padding:0px 4px 0px 4px" class="hierarchy"><a href="http://hl7.org/fhir/R4/datatypes.html#BackboneElement">BackboneElement</a></td><td style="vertical-align: top; text-align : left; background-color: #F7F7F7; border: 0px #F0F0F0 solid; padding:0px 4px 0px 4px" class="hierarchy">Strength of the substance in this product</td></tr>
<tr style="border: 0px #F0F0F0 solid; padding:0px; vertical-align: top; background-color: white"><td style="vertical-align: top; text-align : left; background-color: white; border: 0px #F0F0F0 solid; padding:0px 4px 0px 4px; white-space: nowrap; background-image: url(tbl_bck01110.png)" class="hierarchy"><img src="tbl_spacer.png" alt="." style="background-color: inherit" class="hierarchy"/><img src="tbl_blank.png" alt="." style="background-color: inherit" class="hierarchy"/><img src="tbl_vline.png" alt="." style="background-color: inherit" class="hierarchy"/><img src="tbl_vline.png" alt="." style="background-color: inherit" class="hierarchy"/><img src="tbl_vjoin.png" alt="." style="background-color: inherit" class="hierarchy"/><img src="icon_datatype.gif" alt="." style="background-color: white; background-color: inherit" title="Data Type" class="hierarchy"/> <a href="StructureDefinition-IDMPPhPModel-definitions.html#IDMPPhPModel.ingredient.strength.strengthValue.numerator" title="Strength numerator">numerator</a><a name="IDMPPhPModel.ingredient.strength.strengthValue.numerator"> </a></td><td style="vertical-align: top; text-align : left; background-color: white; border: 0px #F0F0F0 solid; padding:0px 4px 0px 4px" class="hierarchy"/><td style="vertical-align: top; text-align : left; background-color: white; border: 0px #F0F0F0 solid; padding:0px 4px 0px 4px" class="hierarchy">1..1</td><td style="vertical-align: top; text-align : left; background-color: white; border: 0px #F0F0F0 solid; padding:0px 4px 0px 4px" class="hierarchy"><a href="http://hl7.org/fhir/R4/datatypes.html#SimpleQuantity" title="Quantity">SimpleQuantity</a></td><td style="vertical-align: top; text-align : left; background-color: white; border: 0px #F0F0F0 solid; padding:0px 4px 0px 4px" class="hierarchy">Strength numerator<br/><span style="font-weight:bold">Example (illustrative): </span><span style="color: darkgreen">5 mg</span></td></tr>
<tr style="border: 0px #F0F0F0 solid; padding:0px; vertical-align: top; background-color: #F7F7F7"><td style="vertical-align: top; text-align : left; background-color: #F7F7F7; border: 0px #F0F0F0 solid; padding:0px 4px 0px 4px; white-space: nowrap; background-image: url(tbl_bck01100.png)" class="hierarchy"><img src="tbl_spacer.png" alt="." style="background-color: inherit" class="hierarchy"/><img src="tbl_blank.png" alt="." style="background-color: inherit" class="hierarchy"/><img src="tbl_vline.png" alt="." style="background-color: inherit" class="hierarchy"/><img src="tbl_vline.png" alt="." style="background-color: inherit" class="hierarchy"/><img src="tbl_vjoin_end.png" alt="." style="background-color: inherit" class="hierarchy"/><img src="icon_datatype.gif" alt="." style="background-color: #F7F7F7; background-color: inherit" title="Data Type" class="hierarchy"/> <a href="StructureDefinition-IDMPPhPModel-definitions.html#IDMPPhPModel.ingredient.strength.strengthValue.denominator" title="Strength denominator">denominator</a><a name="IDMPPhPModel.ingredient.strength.strengthValue.denominator"> </a></td><td style="vertical-align: top; text-align : left; background-color: #F7F7F7; border: 0px #F0F0F0 solid; padding:0px 4px 0px 4px" class="hierarchy"/><td style="vertical-align: top; text-align : left; background-color: #F7F7F7; border: 0px #F0F0F0 solid; padding:0px 4px 0px 4px" class="hierarchy">1..1</td><td style="vertical-align: top; text-align : left; background-color: #F7F7F7; border: 0px #F0F0F0 solid; padding:0px 4px 0px 4px" class="hierarchy"><a href="http://hl7.org/fhir/R4/datatypes.html#SimpleQuantity" title="Quantity">SimpleQuantity</a></td><td style="vertical-align: top; text-align : left; background-color: #F7F7F7; border: 0px #F0F0F0 solid; padding:0px 4px 0px 4px" class="hierarchy">Strength denominator</td></tr>
<tr style="border: 0px #F0F0F0 solid; padding:0px; vertical-align: top; background-color: white"><td style="vertical-align: top; text-align : left; background-color: white; border: 0px #F0F0F0 solid; padding:0px 4px 0px 4px; white-space: nowrap; background-image: url(tbl_bck0110.png)" class="hierarchy"><img src="tbl_spacer.png" alt="." style="background-color: inherit" class="hierarchy"/><img src="tbl_blank.png" alt="." style="background-color: inherit" class="hierarchy"/><img src="tbl_vline.png" alt="." style="background-color: inherit" class="hierarchy"/><img src="tbl_vjoin.png" alt="." style="background-color: inherit" class="hierarchy"/><img src="icon_primitive.png" alt="." style="background-color: white; background-color: inherit" title="Primitive Data Type" class="hierarchy"/> <a href="StructureDefinition-IDMPPhPModel-definitions.html#IDMPPhPModel.ingredient.strength.boss" title="basis of substance strength">boss</a><a name="IDMPPhPModel.ingredient.strength.boss"> </a></td><td style="vertical-align: top; text-align : left; background-color: white; border: 0px #F0F0F0 solid; padding:0px 4px 0px 4px" class="hierarchy"/><td style="vertical-align: top; text-align : left; background-color: white; border: 0px #F0F0F0 solid; padding:0px 4px 0px 4px" class="hierarchy">1..1</td><td style="vertical-align: top; text-align : left; background-color: white; border: 0px #F0F0F0 solid; padding:0px 4px 0px 4px" class="hierarchy"><a href="http://hl7.org/fhir/R4/datatypes.html#code">code</a></td><td style="vertical-align: top; text-align : left; background-color: white; border: 0px #F0F0F0 solid; padding:0px 4px 0px 4px" class="hierarchy">base | base-modifier | ref-substance<br/><span style="font-weight:bold">Binding: </span><a href="ValueSet-BoSS-vs.html">BoSS - Basis of Substance Strength options</a> (<a href="http://hl7.org/fhir/R4/terminologies.html#required" title="To be conformant, the concept in this element SHALL be from the specified value set.">required</a>)</td></tr>
<tr style="border: 0px #F0F0F0 solid; padding:0px; vertical-align: top; background-color: #F7F7F7"><td style="vertical-align: top; text-align : left; background-color: #F7F7F7; border: 0px #F0F0F0 solid; padding:0px 4px 0px 4px; white-space: nowrap; background-image: url(tbl_bck0110.png)" class="hierarchy"><img src="tbl_spacer.png" alt="." style="background-color: inherit" class="hierarchy"/><img src="tbl_blank.png" alt="." style="background-color: inherit" class="hierarchy"/><img src="tbl_vline.png" alt="." style="background-color: inherit" class="hierarchy"/><img src="tbl_vjoin.png" alt="." style="background-color: inherit" class="hierarchy"/><img src="icon_primitive.png" alt="." style="background-color: #F7F7F7; background-color: inherit" title="Primitive Data Type" class="hierarchy"/> <a href="StructureDefinition-IDMPPhPModel-definitions.html#IDMPPhPModel.ingredient.strength.pattern" title="oral-solid | injectable">pattern</a><a name="IDMPPhPModel.ingredient.strength.pattern"> </a></td><td style="vertical-align: top; text-align : left; background-color: #F7F7F7; border: 0px #F0F0F0 solid; padding:0px 4px 0px 4px" class="hierarchy"/><td style="vertical-align: top; text-align : left; background-color: #F7F7F7; border: 0px #F0F0F0 solid; padding:0px 4px 0px 4px" class="hierarchy">1..1</td><td style="vertical-align: top; text-align : left; background-color: #F7F7F7; border: 0px #F0F0F0 solid; padding:0px 4px 0px 4px" class="hierarchy"><a href="http://hl7.org/fhir/R4/datatypes.html#code">code</a></td><td style="vertical-align: top; text-align : left; background-color: #F7F7F7; border: 0px #F0F0F0 solid; padding:0px 4px 0px 4px" class="hierarchy">oral-solid | injectable<br/><span style="font-weight:bold">Binding: </span><a href="ValueSet-Pattern-vs.html">Presentation pattern Value Set</a> (<a href="http://hl7.org/fhir/R4/terminologies.html#required" title="To be conformant, the concept in this element SHALL be from the specified value set.">required</a>)</td></tr>
<tr style="border: 0px #F0F0F0 solid; padding:0px; vertical-align: top; background-color: white"><td style="vertical-align: top; text-align : left; background-color: white; border: 0px #F0F0F0 solid; padding:0px 4px 0px 4px; white-space: nowrap; background-image: url(tbl_bck0110.png)" class="hierarchy"><img src="tbl_spacer.png" alt="." style="background-color: inherit" class="hierarchy"/><img src="tbl_blank.png" alt="." style="background-color: inherit" class="hierarchy"/><img src="tbl_vline.png" alt="." style="background-color: inherit" class="hierarchy"/><img src="tbl_vjoin.png" alt="." style="background-color: inherit" class="hierarchy"/><img src="icon_primitive.png" alt="." style="background-color: white; background-color: inherit" title="Primitive Data Type" class="hierarchy"/> <a href="StructureDefinition-IDMPPhPModel-definitions.html#IDMPPhPModel.ingredient.strength.concentration-presentation" title="concentration | presentation">concentration_presentation</a><a name="IDMPPhPModel.ingredient.strength.concentration_presentation"> </a></td><td style="vertical-align: top; text-align : left; background-color: white; border: 0px #F0F0F0 solid; padding:0px 4px 0px 4px" class="hierarchy"/><td style="vertical-align: top; text-align : left; background-color: white; border: 0px #F0F0F0 solid; padding:0px 4px 0px 4px" class="hierarchy">1..1</td><td style="vertical-align: top; text-align : left; background-color: white; border: 0px #F0F0F0 solid; padding:0px 4px 0px 4px" class="hierarchy"><a href="http://hl7.org/fhir/R4/datatypes.html#code">code</a></td><td style="vertical-align: top; text-align : left; background-color: white; border: 0px #F0F0F0 solid; padding:0px 4px 0px 4px" class="hierarchy">concentration | presentation<br/><span style="font-weight:bold">Binding: </span><a href="ValueSet-ConcPres-vs.html">Concentration or Presentation Value Set</a> (<a href="http://hl7.org/fhir/R4/terminologies.html#required" title="To be conformant, the concept in this element SHALL be from the specified value set.">required</a>)</td></tr>
<tr style="border: 0px #F0F0F0 solid; padding:0px; vertical-align: top; background-color: #F7F7F7"><td style="vertical-align: top; text-align : left; background-color: #F7F7F7; border: 0px #F0F0F0 solid; padding:0px 4px 0px 4px; white-space: nowrap; background-image: url(tbl_bck0100.png)" class="hierarchy"><img src="tbl_spacer.png" alt="." style="background-color: inherit" class="hierarchy"/><img src="tbl_blank.png" alt="." style="background-color: inherit" class="hierarchy"/><img src="tbl_vline.png" alt="." style="background-color: inherit" class="hierarchy"/><img src="tbl_vjoin_end.png" alt="." style="background-color: inherit" class="hierarchy"/><img src="icon_datatype.gif" alt="." style="background-color: #F7F7F7; background-color: inherit" title="Data Type" class="hierarchy"/> <a href="StructureDefinition-IDMPPhPModel-definitions.html#IDMPPhPModel.ingredient.strength.unit-of-presentation" title="unit of presentation is strength is by presentation">unit_of_presentation</a><a name="IDMPPhPModel.ingredient.strength.unit_of_presentation"> </a></td><td style="vertical-align: top; text-align : left; background-color: #F7F7F7; border: 0px #F0F0F0 solid; padding:0px 4px 0px 4px" class="hierarchy"/><td style="vertical-align: top; text-align : left; background-color: #F7F7F7; border: 0px #F0F0F0 solid; padding:0px 4px 0px 4px" class="hierarchy">0..1</td><td style="vertical-align: top; text-align : left; background-color: #F7F7F7; border: 0px #F0F0F0 solid; padding:0px 4px 0px 4px" class="hierarchy"><a href="http://hl7.org/fhir/R4/datatypes.html#CodeableConcept">CodeableConcept</a></td><td style="vertical-align: top; text-align : left; background-color: #F7F7F7; border: 0px #F0F0F0 solid; padding:0px 4px 0px 4px" class="hierarchy">unit of presentation if strength is by presentation<br/><span style="font-weight:bold">Example (edqm): </span><span style="color: darkgreen">10210000 capsule, hard</span></td></tr>
<tr style="border: 0px #F0F0F0 solid; padding:0px; vertical-align: top; background-color: white"><td style="vertical-align: top; text-align : left; background-color: white; border: 0px #F0F0F0 solid; padding:0px 4px 0px 4px; white-space: nowrap; background-image: url(tbl_bck000.png)" class="hierarchy"><img src="tbl_spacer.png" alt="." style="background-color: inherit" class="hierarchy"/><img src="tbl_blank.png" alt="." style="background-color: inherit" class="hierarchy"/><img src="tbl_vjoin_end.png" alt="." style="background-color: inherit" class="hierarchy"/><img src="icon_datatype.gif" alt="." style="background-color: white; background-color: inherit" title="Data Type" class="hierarchy"/> <a href="StructureDefinition-IDMPPhPModel-definitions.html#IDMPPhPModel.ingredient.doseForm" title="Authorized Dose Form">doseForm</a><a name="IDMPPhPModel.ingredient.doseForm"> </a></td><td style="vertical-align: top; text-align : left; background-color: white; border: 0px #F0F0F0 solid; padding:0px 4px 0px 4px" class="hierarchy"/><td style="vertical-align: top; text-align : left; background-color: white; border: 0px #F0F0F0 solid; padding:0px 4px 0px 4px" class="hierarchy">1..1</td><td style="vertical-align: top; text-align : left; background-color: white; border: 0px #F0F0F0 solid; padding:0px 4px 0px 4px" class="hierarchy"><a href="http://hl7.org/fhir/R4/datatypes.html#CodeableConcept">CodeableConcept</a></td><td style="vertical-align: top; text-align : left; background-color: white; border: 0px #F0F0F0 solid; padding:0px 4px 0px 4px" class="hierarchy">Authorized Dose Form<br/><span style="font-weight:bold">Example (edqm): </span><span style="color: darkgreen">10210000 capsule, hard</span></td></tr>
<tr><td colspan="5" class="hierarchy"><br/><a href="http://hl7.org/fhir/R4/formats.html#table" title="Legend for this format"><img src="http://hl7.org/fhir/R4/help16.png" alt="doco" style="background-color: inherit"/> Documentation for this format</a></td></tr></table></div></text><url value="http://medigree.net/eu/fhir/mpd/StructureDefinition/IDMPPhPModel"/><version value="1.0.0"/><name value="IDMPPhPModel"/><title value="IDMP Pharmaceutical Product logical model"/><status value="active"/><date value="2022-09-30T13:06:24+00:00"/><publisher value="My Organization"/><contact><name value="My Organization"/><telecom><system value="url"/><value value="http://example.com/committees"/></telecom><telecom><system value="email"/><value value="my-group@example.com"/></telecom></contact><contact><name value="Bob Smith"/><telecom><system value="email"/><value value="bobsmith@example.com"/><use value="work"/></telecom></contact><description value="IDMP Pharmaceutical Product logical model"/><jurisdiction><coding><system value="http://unstats.un.org/unsd/methods/m49/m49.htm"/><code value="001"/><display value="World"/></coding></jurisdiction><fhirVersion value="4.0.1"/><mapping><identity value="rim"/><uri value="http://hl7.org/v3"/><name value="RIM Mapping"/></mapping><kind value="logical"/><abstract value="false"/><type value="http://medigree.net/eu/fhir/mpd/StructureDefinition/IDMPPhPModel"/><baseDefinition value="http://hl7.org/fhir/StructureDefinition/Element"/><derivation value="specialization"/><snapshot><element id="IDMPPhPModel"><path value="IDMPPhPModel"/><short value="IDMP Pharmaceutical Product logical model"/><definition value="IDMP Pharmaceutical Product logical model"/><min value="0"/><max value="*"/><base><path value="Element"/><min value="0"/><max value="*"/></base><condition value="ele-1"/><constraint><key value="ele-1"/><severity value="error"/><human value="All FHIR elements must have a @value or children"/><expression value="hasValue() or (children().count() &gt; id.count())"/><xpath value="@value|f:*|h:div"/><source value="http://hl7.org/fhir/StructureDefinition/Element"/></constraint><isModifier value="false"/><mapping><identity value="rim"/><map value="n/a"/></mapping></element><element id="IDMPPhPModel.id"><path value="IDMPPhPModel.id"/><representation value="xmlAttr"/><short value="Unique id for inter-element referencing"/><definition value="Unique id for the element within a resource (for internal references). This may be any string value that does not contain spaces."/><min value="0"/><max value="1"/><base><path value="Element.id"/><min value="0"/><max value="1"/></base><type><extension url="http://hl7.org/fhir/StructureDefinition/structuredefinition-fhir-type"><valueUrl value="string"/></extension><code value="http://hl7.org/fhirpath/System.String"/></type><isModifier value="false"/><isSummary value="false"/><mapping><identity value="rim"/><map value="n/a"/></mapping></element><element id="IDMPPhPModel.extension"><path value="IDMPPhPModel.extension"/><slicing><discriminator><type value="value"/><path value="url"/></discriminator><description value="Extensions are always sliced by (at least) url"/><rules value="open"/></slicing><short value="Additional content defined by implementations"/><definition value="May be used to represent additional information that is not part of the basic definition of the element. To make the use of extensions safe and manageable, there is a strict set of governance  applied to the definition and use of extensions. Though any implementer can define an extension, there is a set of requirements that SHALL be met as part of the definition of the extension."/><comment value="There can be no stigma associated with the use of extensions by any application, project, or standard - regardless of the institution or jurisdiction that uses or defines the extensions.  The use of extensions is what allows the FHIR specification to retain a core level of simplicity for everyone."/><alias value="extensions"/><alias value="user content"/><min value="0"/><max value="*"/><base><path value="Element.extension"/><min value="0"/><max value="*"/></base><type><code value="Extension"/></type><constraint><key value="ele-1"/><severity value="error"/><human value="All FHIR elements must have a @value or children"/><expression value="hasValue() or (children().count() &gt; id.count())"/><xpath value="@value|f:*|h:div"/><source value="http://hl7.org/fhir/StructureDefinition/Element"/></constraint><constraint><key value="ext-1"/><severity value="error"/><human value="Must have either extensions or value[x], not both"/><expression value="extension.exists() != value.exists()"/><xpath value="exists(f:extension)!=exists(f:*[starts-with(local-name(.), &quot;value&quot;)])"/><source value="http://hl7.org/fhir/StructureDefinition/Extension"/></constraint><isModifier value="false"/><isSummary value="false"/><mapping><identity value="rim"/><map value="n/a"/></mapping></element><element id="IDMPPhPModel.identifier"><path value="IDMPPhPModel.identifier"/><short value="Identifiers"/><definition value="Identifiers"/><min value="0"/><max value="*"/><base><path value="IDMPPhPModel.identifier"/><min value="0"/><max value="*"/></base><type><code value="BackboneElement"/></type></element><element id="IDMPPhPModel.identifier.l1-identifier"><path value="IDMPPhPModel.identifier.l1_identifier"/><short value="IDMP PhPID Level 1"/><definition value="IDMP PhPID Level 1"/><min value="0"/><max value="1"/><base><path value="IDMPPhPModel.identifier.l1_identifier"/><min value="0"/><max value="1"/></base><type><code value="Identifier"/></type></element><element id="IDMPPhPModel.identifier.l2-identifier"><path value="IDMPPhPModel.identifier.l2_identifier"/><short value="IDMP PhPID Level 2"/><definition value="IDMP PhPID Level 2"/><min value="0"/><max value="1"/><base><path value="IDMPPhPModel.identifier.l2_identifier"/><min value="0"/><max value="1"/></base><type><code value="Identifier"/></type></element><element id="IDMPPhPModel.identifier.l3-identifier"><path value="IDMPPhPModel.identifier.l3_identifier"/><short value="IDMP PhPID Level 3"/><definition value="IDMP PhPID Level 3"/><min value="0"/><max value="1"/><base><path value="IDMPPhPModel.identifier.l3_identifier"/><min value="0"/><max value="1"/></base><type><code value="Identifier"/></type></element><element id="IDMPPhPModel.identifier.l4-identifier"><path value="IDMPPhPModel.identifier.l4_identifier"/><short value="IDMP PhPID Level 4"/><definition value="IDMP PhPID Level 4"/><min value="0"/><max value="1"/><base><path value="IDMPPhPModel.identifier.l4_identifier"/><min value="0"/><max value="1"/></base><type><code value="Identifier"/></type><example><label value="(illustrative)"/><valueString value="0x073AF2E5B92AE19E8B67635AFFB3D6CA"/></example></element><element id="IDMPPhPModel.ingredient"><path value="IDMPPhPModel.ingredient"/><short value="Ingredient(s) that are part of the product, with therapeutical usage or not"/><definition value="Ingredient(s) that are part of the product, with therapeutical usage or not"/><min value="1"/><max value="*"/><base><path value="IDMPPhPModel.ingredient"/><min value="1"/><max value="*"/></base><type><code value="BackboneElement"/></type></element><element id="IDMPPhPModel.ingredient.substance"><path value="IDMPPhPModel.ingredient.substance"/><short value="Codification of the substance"/><definition value="Codification of the substance"/><min value="1"/><max value="1"/><base><path value="IDMPPhPModel.ingredient.substance"/><min value="1"/><max value="1"/></base><type><code value="CodeableConcept"/></type><example><label value="(illustrative)"/><valueString value="Amlodipine Besilate"/></example></element><element id="IDMPPhPModel.ingredient.strength"><path value="IDMPPhPModel.ingredient.strength"/><short value="Authorized strength of the substance"/><definition value="Authorized strength of the substance"/><min value="1"/><max value="1"/><base><path value="IDMPPhPModel.ingredient.strength"/><min value="1"/><max value="1"/></base><type><code value="BackboneElement"/></type></element><element id="IDMPPhPModel.ingredient.strength.strengthValue"><path value="IDMPPhPModel.ingredient.strength.strengthValue"/><short value="Strength of the substance in this product"/><definition value="Strength of the substance in this product"/><min value="1"/><max value="1"/><base><path value="IDMPPhPModel.ingredient.strength.strengthValue"/><min value="1"/><max value="1"/></base><type><code value="BackboneElement"/></type></element><element id="IDMPPhPModel.ingredient.strength.strengthValue.numerator"><path value="IDMPPhPModel.ingredient.strength.strengthValue.numerator"/><short value="Strength numerator"/><definition value="Strength numerator"/><min value="1"/><max value="1"/><base><path value="IDMPPhPModel.ingredient.strength.strengthValue.numerator"/><min value="1"/><max value="1"/></base><type><code value="Quantity"/><profile value="http://hl7.org/fhir/StructureDefinition/SimpleQuantity"/></type><example><label value="(illustrative)"/><valueString value="5 mg"/></example></element><element id="IDMPPhPModel.ingredient.strength.strengthValue.denominator"><path value="IDMPPhPModel.ingredient.strength.strengthValue.denominator"/><short value="Strength denominator"/><definition value="Strength denominator"/><min value="1"/><max value="1"/><base><path value="IDMPPhPModel.ingredient.strength.strengthValue.denominator"/><min value="1"/><max value="1"/></base><type><code value="Quantity"/><profile value="http://hl7.org/fhir/StructureDefinition/SimpleQuantity"/></type></element><element id="IDMPPhPModel.ingredient.strength.boss"><path value="IDMPPhPModel.ingredient.strength.boss"/><short value="base | base-modifier | ref-substance"/><definition value="basis of substance strength"/><comment value="not needed from countries, will be looked up by substance"/><min value="1"/><max value="1"/><base><path value="IDMPPhPModel.ingredient.strength.boss"/><min value="1"/><max value="1"/></base><type><code value="code"/></type><binding><strength value="required"/><valueSet value="http://medigree.net/eu/fhir/mpd/ValueSet/BoSS-vs"/></binding></element><element id="IDMPPhPModel.ingredient.strength.pattern"><path value="IDMPPhPModel.ingredient.strength.pattern"/><short value="oral-solid | injectable"/><definition value="oral-solid | injectable"/><comment value="not needed from countries, will be looked up by dose form"/><min value="1"/><max value="1"/><base><path value="IDMPPhPModel.ingredient.strength.pattern"/><min value="1"/><max value="1"/></base><type><code value="code"/></type><binding><strength value="required"/><valueSet value="http://medigree.net/eu/fhir/mpd/ValueSet/Pattern-vs"/></binding></element><element id="IDMPPhPModel.ingredient.strength.concentration-presentation"><path value="IDMPPhPModel.ingredient.strength.concentration_presentation"/><short value="concentration | presentation"/><definition value="concentration | presentation"/><comment value="not needed from countries, will be looked up by dose form"/><min value="1"/><max value="1"/><base><path value="IDMPPhPModel.ingredient.strength.concentration_presentation"/><min value="1"/><max value="1"/></base><type><code value="code"/></type><binding><strength value="required"/><valueSet value="http://medigree.net/eu/fhir/mpd/ValueSet/ConcPres-vs"/></binding></element><element id="IDMPPhPModel.ingredient.strength.unit-of-presentation"><path value="IDMPPhPModel.ingredient.strength.unit_of_presentation"/><short value="unit of presentation if strength is by presentation"/><definition value="unit of presentation is strength is by presentation"/><comment value="not needed from countries, will be looked up by dose form"/><min value="0"/><max value="1"/><base><path value="IDMPPhPModel.ingredient.strength.unit_of_presentation"/><min value="0"/><max value="1"/></base><type><code value="CodeableConcept"/></type><example><label value="(edqm)"/><valueString value="10210000 capsule, hard"/></example></element><element id="IDMPPhPModel.ingredient.doseForm"><path value="IDMPPhPModel.ingredient.doseForm"/><short value="Authorized Dose Form"/><definition value="Authorized Dose Form"/><min value="1"/><max value="1"/><base><path value="IDMPPhPModel.ingredient.doseForm"/><min value="1"/><max value="1"/></base><type><code value="CodeableConcept"/></type><example><label value="(edqm)"/><valueString value="10210000 capsule, hard"/></example></element></snapshot><differential><element id="IDMPPhPModel"><path value="IDMPPhPModel"/><short value="IDMP Pharmaceutical Product logical model"/><definition value="IDMP Pharmaceutical Product logical model"/></element><element id="IDMPPhPModel.identifier"><path value="IDMPPhPModel.identifier"/><short value="Identifiers"/><definition value="Identifiers"/><min value="0"/><max value="*"/><type><code value="BackboneElement"/></type></element><element id="IDMPPhPModel.identifier.l1-identifier"><path value="IDMPPhPModel.identifier.l1_identifier"/><short value="IDMP PhPID Level 1"/><definition value="IDMP PhPID Level 1"/><min value="0"/><max value="1"/><type><code value="Identifier"/></type></element><element id="IDMPPhPModel.identifier.l2-identifier"><path value="IDMPPhPModel.identifier.l2_identifier"/><short value="IDMP PhPID Level 2"/><definition value="IDMP PhPID Level 2"/><min value="0"/><max value="1"/><type><code value="Identifier"/></type></element><element id="IDMPPhPModel.identifier.l3-identifier"><path value="IDMPPhPModel.identifier.l3_identifier"/><short value="IDMP PhPID Level 3"/><definition value="IDMP PhPID Level 3"/><min value="0"/><max value="1"/><type><code value="Identifier"/></type></element><element id="IDMPPhPModel.identifier.l4-identifier"><path value="IDMPPhPModel.identifier.l4_identifier"/><short value="IDMP PhPID Level 4"/><definition value="IDMP PhPID Level 4"/><min value="0"/><max value="1"/><type><code value="Identifier"/></type><example><label value="(illustrative)"/><valueString value="0x073AF2E5B92AE19E8B67635AFFB3D6CA"/></example></element><element id="IDMPPhPModel.ingredient"><path value="IDMPPhPModel.ingredient"/><short value="Ingredient(s) that are part of the product, with therapeutical usage or not"/><definition value="Ingredient(s) that are part of the product, with therapeutical usage or not"/><min value="1"/><max value="*"/><type><code value="BackboneElement"/></type></element><element id="IDMPPhPModel.ingredient.substance"><path value="IDMPPhPModel.ingredient.substance"/><short value="Codification of the substance"/><definition value="Codification of the substance"/><min value="1"/><max value="1"/><type><code value="CodeableConcept"/></type><example><label value="(illustrative)"/><valueString value="Amlodipine Besilate"/></example></element><element id="IDMPPhPModel.ingredient.strength"><path value="IDMPPhPModel.ingredient.strength"/><short value="Authorized strength of the substance"/><definition value="Authorized strength of the substance"/><min value="1"/><max value="1"/><type><code value="BackboneElement"/></type></element><element id="IDMPPhPModel.ingredient.strength.strengthValue"><path value="IDMPPhPModel.ingredient.strength.strengthValue"/><short value="Strength of the substance in this product"/><definition value="Strength of the substance in this product"/><min value="1"/><max value="1"/><type><code value="BackboneElement"/></type></element><element id="IDMPPhPModel.ingredient.strength.strengthValue.numerator"><path value="IDMPPhPModel.ingredient.strength.strengthValue.numerator"/><short value="Strength numerator"/><definition value="Strength numerator"/><min value="1"/><max value="1"/><type><code value="Quantity"/><profile value="http://hl7.org/fhir/StructureDefinition/SimpleQuantity"/></type><example><label value="(illustrative)"/><valueString value="5 mg"/></example></element><element id="IDMPPhPModel.ingredient.strength.strengthValue.denominator"><path value="IDMPPhPModel.ingredient.strength.strengthValue.denominator"/><short value="Strength denominator"/><definition value="Strength denominator"/><min value="1"/><max value="1"/><type><code value="Quantity"/><profile value="http://hl7.org/fhir/StructureDefinition/SimpleQuantity"/></type></element><element id="IDMPPhPModel.ingredient.strength.boss"><path value="IDMPPhPModel.ingredient.strength.boss"/><short value="base | base-modifier | ref-substance"/><definition value="basis of substance strength"/><comment value="not needed from countries, will be looked up by substance"/><min value="1"/><max value="1"/><type><code value="code"/></type><binding><strength value="required"/><valueSet value="http://medigree.net/eu/fhir/mpd/ValueSet/BoSS-vs"/></binding></element><element id="IDMPPhPModel.ingredient.strength.pattern"><path value="IDMPPhPModel.ingredient.strength.pattern"/><short value="oral-solid | injectable"/><definition value="oral-solid | injectable"/><comment value="not needed from countries, will be looked up by dose form"/><min value="1"/><max value="1"/><type><code value="code"/></type><binding><strength value="required"/><valueSet value="http://medigree.net/eu/fhir/mpd/ValueSet/Pattern-vs"/></binding></element><element id="IDMPPhPModel.ingredient.strength.concentration-presentation"><path value="IDMPPhPModel.ingredient.strength.concentration_presentation"/><short value="concentration | presentation"/><definition value="concentration | presentation"/><comment value="not needed from countries, will be looked up by dose form"/><min value="1"/><max value="1"/><type><code value="code"/></type><binding><strength value="required"/><valueSet value="http://medigree.net/eu/fhir/mpd/ValueSet/ConcPres-vs"/></binding></element><element id="IDMPPhPModel.ingredient.strength.unit-of-presentation"><path value="IDMPPhPModel.ingredient.strength.unit_of_presentation"/><short value="unit of presentation if strength is by presentation"/><definition value="unit of presentation is strength is by presentation"/><comment value="not needed from countries, will be looked up by dose form"/><min value="0"/><max value="1"/><type><code value="CodeableConcept"/></type><example><label value="(edqm)"/><valueString value="10210000 capsule, hard"/></example></element><element id="IDMPPhPModel.ingredient.doseForm"><path value="IDMPPhPModel.ingredient.doseForm"/><short value="Authorized Dose Form"/><definition value="Authorized Dose Form"/><min value="1"/><max value="1"/><type><code value="CodeableConcept"/></type><example><label value="(edqm)"/><valueString value="10210000 capsule, hard"/></example></element></differential></StructureDefinition>