<?xml version="1.0" encoding="UTF-8"?>

<CodeSystem xmlns="http://hl7.org/fhir">
  <id value="BoSS-cs"/>
  <text>
    <status value="generated"/><div xmlns="http://www.w3.org/1999/xhtml"><p>This code system <code>http://medigree.net/eu/fhir/mpd/CodeSystem/BoSS-cs</code> defines the following codes:</p><table class="codes"><tr><td style="white-space:nowrap"><b>Code</b></td><td><b>Display</b></td><td><b>Definition</b></td></tr><tr><td style="white-space:nowrap">base<a name="BoSS-cs-base"> </a></td><td>Base</td><td>The strength corresponds to the strength of the base substance</td></tr><tr><td style="white-space:nowrap">base-modifier<a name="BoSS-cs-base-modifier"> </a></td><td>Base and modifier</td><td>The strength corresponds to the strength of the modifier</td></tr><tr><td style="white-space:nowrap">ref-substance<a name="BoSS-cs-ref-substance"> </a></td><td>Reference Substance</td><td>The strength corresponds to the associated reference substance</td></tr></table></div>
  </text>
  <url value="http://medigree.net/eu/fhir/mpd/CodeSystem/BoSS-cs"/>
  <version value="1.0.0"/>
  <name value="BoSSCS"/>
  <title value="BoSS - Basis of Substance Strength options Code System"/>
  <status value="active"/>
  <date value="2022-09-30T13:06:24+00:00"/>
  <publisher value="My Organization"/>
  <contact>
    <name value="My Organization"/>
    <telecom>
      <system value="url"/>
      <value value="http://example.com/committees"/>
    </telecom>
    <telecom>
      <system value="email"/>
      <value value="my-group@example.com"/>
    </telecom>
  </contact>
  <contact>
    <name value="Bob Smith"/>
    <telecom>
      <system value="email"/>
      <value value="bobsmith@example.com"/>
      <use value="work"/>
    </telecom>
  </contact>
  <jurisdiction>
    <coding>
      <system value="http://unstats.un.org/unsd/methods/m49/m49.htm"/>
      <code value="001"/>
      <display value="World"/>
    </coding>
  </jurisdiction>
  <content value="complete"/>
  <count value="3"/>
  <concept>
    <code value="base"/>
    <display value="Base"/>
    <definition value="The strength corresponds to the strength of the base substance"/>
  </concept>
  <concept>
    <code value="base-modifier"/>
    <display value="Base and modifier"/>
    <definition value="The strength corresponds to the strength of the modifier"/>
  </concept>
  <concept>
    <code value="ref-substance"/>
    <display value="Reference Substance"/>
    <definition value="The strength corresponds to the associated reference substance"/>
  </concept>
</CodeSystem>