<?xml version="1.0" encoding="UTF-8"?><ValueSet xmlns="http://hl7.org/fhir"><id value="BoSS-vs"/><text><status value="generated"/><div xmlns="http://www.w3.org/1999/xhtml"><ul><li>Include all codes defined in <a href="CodeSystem-BoSS-cs.html"><code>http://medigree.net/eu/fhir/medigree/CodeSystem/BoSS-cs</code></a></li></ul></div></text><url value="http://medigree.net/eu/fhir/medigree/ValueSet/BoSS-vs"/><version value="1.0.0"/><name value="BoSSVS"/><title value="BoSS - Basis of Substance Strength options"/><status value="active"/><date value="2022-05-31T10:10:02+00:00"/><publisher value="My Organization"/><contact><name value="My Organization"/><telecom><system value="url"/><value value="http://example.com/committees"/></telecom><telecom><system value="email"/><value value="my-group@example.com"/></telecom></contact><contact><name value="Bob Smith"/><telecom><system value="email"/><value value="bobsmith@example.com"/><use value="work"/></telecom></contact><jurisdiction><coding><system value="http://unstats.un.org/unsd/methods/m49/m49.htm"/><code value="001"/><display value="World"/></coding></jurisdiction><compose><include><system value="http://medigree.net/eu/fhir/medigree/CodeSystem/BoSS-cs"/></include></compose></ValueSet>