{"resourceType":"CodeSystem","id":"Pattern-cs","text":{"status":"generated","div":"<div xmlns=\"http://www.w3.org/1999/xhtml\"><p>This code system http://medigree.net/eu/fhir/medigree/CodeSystem/Pattern-cs defines the following codes:</p><table class=\"codes\"><tr><td style=\"white-space:nowrap\"><b>Code</b></td><td><b>Display</b></td><td><b>Definition</b></td></tr><tr><td style=\"white-space:nowrap\">oral-solid<a name=\"Pattern-cs-oral-solid\"> </a></td><td>Oral Solid</td><td>Oral Solid</td></tr><tr><td style=\"white-space:nowrap\">injectable<a name=\"Pattern-cs-injectable\"> </a></td><td>Injectable</td><td>Injectable</td></tr></table></div>"},"url":"http://medigree.net/eu/fhir/medigree/CodeSystem/Pattern-cs","version":"1.0.0","name":"PatternCS","title":"Presentation pattern Code System","status":"active","date":"2022-06-06T08:53:46+00:00","publisher":"My Organization","contact":[{"name":"My Organization","telecom":[{"system":"url","value":"http://example.com/committees"},{"system":"email","value":"my-group@example.com"}]},{"name":"Bob Smith","telecom":[{"system":"email","value":"bobsmith@example.com","use":"work"}]}],"jurisdiction":[{"coding":[{"system":"http://unstats.un.org/unsd/methods/m49/m49.htm","code":"001","display":"World"}]}],"content":"complete","count":2,"concept":[{"code":"oral-solid","display":"Oral Solid","definition":"Oral Solid"},{"code":"injectable","display":"Injectable","definition":"Injectable"}]}