{"resourceType":"ImplementationGuide","id":"medigree","text":{"status":"extensions","div":"<div xmlns=\"http://www.w3.org/1999/xhtml\"><h2>Medigree</h2><p>The official URL for this implementation guide is: </p><pre>http://medigree.net/eu/fhir/medigree</pre><div><p>Example IG</p>\n</div></div>"},"url":"http://medigree.net/eu/fhir/medigree","version":"1.0.0","name":"Medigree","title":"FHIR Implementation Guide: Medigree","status":"active","date":"2022-05-26","publisher":"My Organization","contact":[{"name":"My Organization","telecom":[{"system":"url","value":"http://example.com/committees"},{"system":"email","value":"my-group@example.com"}]},{"name":"Bob Smith","telecom":[{"system":"email","value":"bobsmith@example.com","use":"work"}]}],"description":"Example IG","jurisdiction":[{"coding":[{"system":"http://unstats.un.org/unsd/methods/m49/m49.htm","code":"001","display":"World"}]}],"packageId":"medigree","license":"CC0-1.0","fhirVersion":["4.0.1"],"dependsOn":[{"id":"hl7tx","uri":"http://terminology.hl7.org/ImplementationGuide/hl7.terminology","packageId":"hl7.terminology.r4","version":"3.1.0"}],"definition":{"extension":[{"extension":[{"url":"code","valueString":"copyrightyear"},{"url":"value","valueString":"2021+"}],"url":"http://hl7.org/fhir/tools/StructureDefinition/ig-parameter"},{"extension":[{"url":"code","valueString":"releaselabel"},{"url":"value","valueString":"STU1"}],"url":"http://hl7.org/fhir/tools/StructureDefinition/ig-parameter"},{"extension":[{"url":"code","valueString":"path-liquid"},{"url":"value","valueString":"template/liquid"}],"url":"http://hl7.org/fhir/tools/StructureDefinition/ig-parameter"},{"extension":[{"url":"code","valueString":"path-liquid"},{"url":"value","valueString":"input/liquid"}],"url":"http://hl7.org/fhir/tools/StructureDefinition/ig-parameter"},{"extension":[{"url":"code","valueString":"path-qa"},{"url":"value","valueString":"temp/qa"}],"url":"http://hl7.org/fhir/tools/StructureDefinition/ig-parameter"},{"extension":[{"url":"code","valueString":"path-temp"},{"url":"value","valueString":"temp/pages"}],"url":"http://hl7.org/fhir/tools/StructureDefinition/ig-parameter"},{"extension":[{"url":"code","valueString":"path-output"},{"url":"value","valueString":"output"}],"url":"http://hl7.org/fhir/tools/StructureDefinition/ig-parameter"},{"extension":[{"url":"code","valueString":"path-suppressed-warnings"},{"url":"value","valueString":"input/ignoreWarnings.txt"}],"url":"http://hl7.org/fhir/tools/StructureDefinition/ig-parameter"},{"extension":[{"url":"code","valueString":"path-history"},{"url":"value","valueString":"history.html"}],"url":"http://hl7.org/fhir/tools/StructureDefinition/ig-parameter"},{"extension":[{"url":"code","valueString":"template-html"},{"url":"value","valueString":"template-page.html"}],"url":"http://hl7.org/fhir/tools/StructureDefinition/ig-parameter"},{"extension":[{"url":"code","valueString":"template-md"},{"url":"value","valueString":"template-page-md.html"}],"url":"http://hl7.org/fhir/tools/StructureDefinition/ig-parameter"},{"extension":[{"url":"code","valueString":"apply-contact"},{"url":"value","valueString":"true"}],"url":"http://hl7.org/fhir/tools/StructureDefinition/ig-parameter"},{"extension":[{"url":"code","valueString":"apply-context"},{"url":"value","valueString":"true"}],"url":"http://hl7.org/fhir/tools/StructureDefinition/ig-parameter"},{"extension":[{"url":"code","valueString":"apply-copyright"},{"url":"value","valueString":"true"}],"url":"http://hl7.org/fhir/tools/StructureDefinition/ig-parameter"},{"extension":[{"url":"code","valueString":"apply-jurisdiction"},{"url":"value","valueString":"true"}],"url":"http://hl7.org/fhir/tools/StructureDefinition/ig-parameter"},{"extension":[{"url":"code","valueString":"apply-license"},{"url":"value","valueString":"true"}],"url":"http://hl7.org/fhir/tools/StructureDefinition/ig-parameter"},{"extension":[{"url":"code","valueString":"apply-publisher"},{"url":"value","valueString":"true"}],"url":"http://hl7.org/fhir/tools/StructureDefinition/ig-parameter"},{"extension":[{"url":"code","valueString":"apply-version"},{"url":"value","valueString":"true"}],"url":"http://hl7.org/fhir/tools/StructureDefinition/ig-parameter"},{"extension":[{"url":"code","valueString":"active-tables"},{"url":"value","valueString":"true"}],"url":"http://hl7.org/fhir/tools/StructureDefinition/ig-parameter"},{"extension":[{"url":"code","valueString":"fmm-definition"},{"url":"value","valueString":"http://hl7.org/fhir/versions.html#maturity"}],"url":"http://hl7.org/fhir/tools/StructureDefinition/ig-parameter"},{"extension":[{"url":"code","valueString":"propagate-status"},{"url":"value","valueString":"true"}],"url":"http://hl7.org/fhir/tools/StructureDefinition/ig-parameter"},{"extension":[{"url":"code","valueString":"excludelogbinaryformat"},{"url":"value","valueString":"true"}],"url":"http://hl7.org/fhir/tools/StructureDefinition/ig-parameter"}],"grouping":[{"id":"-dyn-searchparameter","name":"Behavior: Search Parameters","description":"These define the properties by which a RESTful server can be searched.  They can also be used for sorting and including related resources."},{"id":"-str-logicalmodel","name":"Structures: Logical Models","description":"These define data models that represent the domain covered by this implementation guide in more business-friendly terms than the underlying FHIR resources."},{"id":"-str-profile","name":"Structures: Resource Profiles","description":"These define constraints on FHIR resources for systems conforming to this implementation guide"},{"id":"-str-extension","name":"Structures: Extension Definitions","description":"These define constraints on FHIR data types for systems conforming to this implementation guide"},{"id":"-term-valueset","name":"Terminology: Value Sets","description":"These define sets of codes used by systems conforming to this implementation guide"},{"id":"-term-codesystem","name":"Terminology: Code Systems","description":"These define new code systems used by systems conforming to this implementation guide"},{"id":"-ex-example","name":"Example: Example Instances","description":"These are example instances that show what data produced and consumed by systems conforming with this implementation guide might look like"}],"resource":[{"extension":[{"url":"http://hl7.org/fhir/StructureDefinition/implementationguide-page","valueUri":"StructureDefinition-IDMPPharmaceuticalProduct.html"}],"reference":{"reference":"StructureDefinition/IDMPPharmaceuticalProduct"},"name":"Pharmaceutical Product Profile","description":"Pharmaceutical Product Profile","exampleBoolean":false,"groupingId":"-str-profile"},{"extension":[{"url":"http://hl7.org/fhir/StructureDefinition/implementationguide-page","valueUri":"StructureDefinition-PharmaceuticalProduct.html"}],"reference":{"reference":"StructureDefinition/PharmaceuticalProduct"},"name":"Pharmaceutical Product Profile","description":"Pharmaceutical Product Profile","exampleBoolean":false,"groupingId":"-str-profile"},{"extension":[{"url":"http://hl7.org/fhir/StructureDefinition/implementationguide-page","valueUri":"StructureDefinition-BoSS.html"}],"reference":{"reference":"StructureDefinition/BoSS"},"name":"BoSS","description":"Basis of Substance Strength.","exampleBoolean":false,"groupingId":"-str-extension"},{"extension":[{"url":"http://hl7.org/fhir/StructureDefinition/implementationguide-page","valueUri":"StructureDefinition-ConcentrationPresentation.html"}],"reference":{"reference":"StructureDefinition/ConcentrationPresentation"},"name":"ConcentrationPresentation","description":"Pattern for Concentration or Presentation.","exampleBoolean":false,"groupingId":"-str-extension"},{"extension":[{"url":"http://hl7.org/fhir/StructureDefinition/implementationguide-page","valueUri":"StructureDefinition-StrengthPattern.html"}],"reference":{"reference":"StructureDefinition/StrengthPattern"},"name":"StrengthPattern","description":"Pattern for Strength.","exampleBoolean":false,"groupingId":"-str-extension"},{"extension":[{"url":"http://hl7.org/fhir/StructureDefinition/implementationguide-page","valueUri":"StructureDefinition-UnitOfPresentation.html"}],"reference":{"reference":"StructureDefinition/UnitOfPresentation"},"name":"UnitOfPresentation","description":"Unit of Presentation.","exampleBoolean":false,"groupingId":"-str-extension"},{"extension":[{"url":"http://hl7.org/fhir/StructureDefinition/implementationguide-page","valueUri":"StructureDefinition-AMPModel.html"}],"reference":{"reference":"StructureDefinition/AMPModel"},"name":"AMP logical model","description":"AMP logical model","exampleBoolean":false,"groupingId":"-str-logicalmodel"},{"extension":[{"url":"http://hl7.org/fhir/StructureDefinition/implementationguide-page","valueUri":"StructureDefinition-AMPPModel.html"}],"reference":{"reference":"StructureDefinition/AMPPModel"},"name":"AMPP logical model","description":"AMPP logical model","exampleBoolean":false,"groupingId":"-str-logicalmodel"},{"extension":[{"url":"http://hl7.org/fhir/StructureDefinition/implementationguide-page","valueUri":"StructureDefinition-BEAMPModel.html"}],"reference":{"reference":"StructureDefinition/BEAMPModel"},"name":"BE AMP logical model","description":"Belgium AMP logical model","exampleBoolean":false,"groupingId":"-str-logicalmodel"},{"extension":[{"url":"http://hl7.org/fhir/StructureDefinition/implementationguide-page","valueUri":"StructureDefinition-BEAMPPModel.html"}],"reference":{"reference":"StructureDefinition/BEAMPPModel"},"name":"BE AMPP logical model","description":"Belgium AMPP logical model","exampleBoolean":false,"groupingId":"-str-logicalmodel"},{"extension":[{"url":"http://hl7.org/fhir/StructureDefinition/implementationguide-page","valueUri":"StructureDefinition-BEDMPPModel.html"}],"reference":{"reference":"StructureDefinition/BEDMPPModel"},"name":"BE DMPP logical model","description":"Belgium DMPP logical model","exampleBoolean":false,"groupingId":"-str-logicalmodel"},{"extension":[{"url":"http://hl7.org/fhir/StructureDefinition/implementationguide-page","valueUri":"StructureDefinition-BEVMPGroupModel.html"}],"reference":{"reference":"StructureDefinition/BEVMPGroupModel"},"name":"BE VMP Group logical model","description":"Belgium VMP Group logical model","exampleBoolean":false,"groupingId":"-str-logicalmodel"},{"extension":[{"url":"http://hl7.org/fhir/StructureDefinition/implementationguide-page","valueUri":"StructureDefinition-BEVMPModel.html"}],"reference":{"reference":"StructureDefinition/BEVMPModel"},"name":"BE VMP logical model","description":"Belgium VMP logical model","exampleBoolean":false,"groupingId":"-str-logicalmodel"},{"extension":[{"url":"http://hl7.org/fhir/StructureDefinition/implementationguide-page","valueUri":"StructureDefinition-IDMPPhPModel.html"}],"reference":{"reference":"StructureDefinition/IDMPPhPModel"},"name":"IDMP Pharmaceutical Product logical model","description":"IDMP Pharmaceutical Product logical model","exampleBoolean":false,"groupingId":"-str-logicalmodel"},{"extension":[{"url":"http://hl7.org/fhir/StructureDefinition/implementationguide-page","valueUri":"StructureDefinition-IDMPProductModel.html"}],"reference":{"reference":"StructureDefinition/IDMPProductModel"},"name":"IDMPIdentifiableProductModel","description":"IDMP Identifiable Product Model","exampleBoolean":false,"groupingId":"-str-logicalmodel"},{"extension":[{"url":"http://hl7.org/fhir/StructureDefinition/implementationguide-page","valueUri":"StructureDefinition-VMPGroupModel.html"}],"reference":{"reference":"StructureDefinition/VMPGroupModel"},"name":"VMP Group logical model","description":"VMP Group logical model","exampleBoolean":false,"groupingId":"-str-logicalmodel"},{"extension":[{"url":"http://hl7.org/fhir/StructureDefinition/implementationguide-page","valueUri":"StructureDefinition-VMPModel.html"}],"reference":{"reference":"StructureDefinition/VMPModel"},"name":"VMP logical model","description":"VMP logical model","exampleBoolean":false,"groupingId":"-str-logicalmodel"},{"extension":[{"url":"http://hl7.org/fhir/StructureDefinition/implementationguide-page","valueUri":"StructureDefinition-VMPPModel.html"}],"reference":{"reference":"StructureDefinition/VMPPModel"},"name":"VMPP logical model","description":"VMPP logical model","exampleBoolean":false,"groupingId":"-str-logicalmodel"},{"extension":[{"url":"http://hl7.org/fhir/StructureDefinition/implementationguide-page","valueUri":"ValueSet-BoSS-vs.html"}],"reference":{"reference":"ValueSet/BoSS-vs"},"name":"BoSS - Basis of Substance Strength options","exampleBoolean":false,"groupingId":"-term-valueset"},{"extension":[{"url":"http://hl7.org/fhir/StructureDefinition/implementationguide-page","valueUri":"ValueSet-ConcPres-vs.html"}],"reference":{"reference":"ValueSet/ConcPres-vs"},"name":"Concentration or Presentation Value Set","exampleBoolean":false,"groupingId":"-term-valueset"},{"extension":[{"url":"http://hl7.org/fhir/StructureDefinition/implementationguide-page","valueUri":"ValueSet-dose-form-ontology-cs.html"}],"reference":{"reference":"ValueSet/dose-form-ontology-cs"},"name":"Dose Form ontology Value Set","exampleBoolean":false,"groupingId":"-term-valueset"},{"extension":[{"url":"http://hl7.org/fhir/StructureDefinition/implementationguide-page","valueUri":"ValueSet-Pattern-vs.html"}],"reference":{"reference":"ValueSet/Pattern-vs"},"name":"Presentation pattern Value Set","exampleBoolean":false,"groupingId":"-term-valueset"},{"extension":[{"url":"http://hl7.org/fhir/StructureDefinition/implementationguide-page","valueUri":"ValueSet-prod-type-vs.html"}],"reference":{"reference":"ValueSet/prod-type-vs"},"name":"Product Types Value Set","description":"Product Types Value Set.","exampleBoolean":false,"groupingId":"-term-valueset"},{"extension":[{"url":"http://hl7.org/fhir/StructureDefinition/implementationguide-page","valueUri":"CodeSystem-BoSS-cs.html"}],"reference":{"reference":"CodeSystem/BoSS-cs"},"name":"BoSS - Basis of Substance Strength options Code System","exampleBoolean":false,"groupingId":"-term-codesystem"},{"extension":[{"url":"http://hl7.org/fhir/StructureDefinition/implementationguide-page","valueUri":"CodeSystem-ConcPres-cs.html"}],"reference":{"reference":"CodeSystem/ConcPres-cs"},"name":"Concentration or Presentation Code System","exampleBoolean":false,"groupingId":"-term-codesystem"},{"extension":[{"url":"http://hl7.org/fhir/StructureDefinition/implementationguide-page","valueUri":"CodeSystem-dose-form-ontology-cs.html"}],"reference":{"reference":"CodeSystem/dose-form-ontology-cs"},"name":"Dose Form Ontology Code System","exampleBoolean":false,"groupingId":"-term-codesystem"},{"extension":[{"url":"http://hl7.org/fhir/StructureDefinition/implementationguide-page","valueUri":"CodeSystem-Pattern-cs.html"}],"reference":{"reference":"CodeSystem/Pattern-cs"},"name":"Presentation pattern Code System","exampleBoolean":false,"groupingId":"-term-codesystem"},{"extension":[{"url":"http://hl7.org/fhir/StructureDefinition/implementationguide-page","valueUri":"CodeSystem-prod-type-cs.html"}],"reference":{"reference":"CodeSystem/prod-type-cs"},"name":"Product Types code system","description":"Product Types","exampleBoolean":false,"groupingId":"-term-codesystem"},{"extension":[{"url":"http://hl7.org/fhir/StructureDefinition/implementationguide-page","valueUri":"MedicationKnowledge-EPI-humalog.html"}],"reference":{"reference":"MedicationKnowledge/EPI-humalog"},"name":"EPI-humalog","exampleBoolean":true,"groupingId":"-ex-example"},{"extension":[{"url":"http://hl7.org/fhir/StructureDefinition/implementationguide-page","valueUri":"MedicationRequest-MedPrescription.html"}],"reference":{"reference":"MedicationRequest/MedPrescription"},"name":"MedPrescription","exampleBoolean":true,"groupingId":"-ex-example"},{"extension":[{"url":"http://hl7.org/fhir/StructureDefinition/implementationguide-page","valueUri":"MedicationKnowledge-amlodipine-5mg-caps.html"}],"reference":{"reference":"MedicationKnowledge/amlodipine-5mg-caps"},"name":"amlodipine-5mg-caps","exampleCanonical":"http://medigree.net/eu/fhir/medigree/StructureDefinition/IDMPPharmaceuticalProduct","groupingId":"-ex-example"},{"extension":[{"url":"http://hl7.org/fhir/StructureDefinition/implementationguide-page","valueUri":"Medication-med-amlor.html"}],"reference":{"reference":"Medication/med-amlor"},"name":"med-amlor","exampleBoolean":true,"groupingId":"-ex-example"},{"extension":[{"url":"http://hl7.org/fhir/StructureDefinition/implementationguide-page","valueUri":"SearchParameter-sp-phpid.html"}],"reference":{"reference":"SearchParameter/sp-phpid"},"name":"sp-phpid","description":"Search by phpid","exampleBoolean":false,"groupingId":"-dyn-searchparameter"},{"extension":[{"url":"http://hl7.org/fhir/StructureDefinition/implementationguide-page","valueUri":"SearchParameter-sp-prod-type.html"}],"reference":{"reference":"SearchParameter/sp-prod-type"},"name":"sp-prod-type","description":"Search by product type","exampleBoolean":false,"groupingId":"-dyn-searchparameter"}],"page":{"nameUrl":"toc.html","title":"Table of Contents","generation":"html","page":[{"nameUrl":"index.html","title":"Home","generation":"html"},{"nameUrl":"countries.html","title":"Member States","generation":"markdown","page":[{"nameUrl":"global.html","title":"Global","generation":"markdown"},{"nameUrl":"belgium.html","title":"Belgium","generation":"markdown"}]},{"nameUrl":"artifacts.html","title":"Artifacts Summary","generation":"html","page":[{"nameUrl":"SearchParameter-sp-phpid.html","title":"sp-phpid","generation":"generated"},{"nameUrl":"SearchParameter-sp-prod-type.html","title":"sp-prod-type","generation":"generated"},{"nameUrl":"StructureDefinition-AMPModel.html","title":"AMP logical model","generation":"generated"},{"nameUrl":"StructureDefinition-AMPPModel.html","title":"AMPP logical model","generation":"generated"},{"nameUrl":"StructureDefinition-BEAMPModel.html","title":"BE AMP logical model","generation":"generated"},{"nameUrl":"StructureDefinition-BEAMPPModel.html","title":"BE AMPP logical model","generation":"generated"},{"nameUrl":"StructureDefinition-BEDMPPModel.html","title":"BE DMPP logical model","generation":"generated"},{"nameUrl":"StructureDefinition-BEVMPGroupModel.html","title":"BE VMP Group logical model","generation":"generated"},{"nameUrl":"StructureDefinition-BEVMPModel.html","title":"BE VMP logical model","generation":"generated"},{"nameUrl":"StructureDefinition-IDMPPhPModel.html","title":"IDMP Pharmaceutical Product logical model","generation":"generated"},{"nameUrl":"StructureDefinition-IDMPProductModel.html","title":"IDMPIdentifiableProductModel","generation":"generated"},{"nameUrl":"StructureDefinition-VMPGroupModel.html","title":"VMP Group logical model","generation":"generated"},{"nameUrl":"StructureDefinition-VMPModel.html","title":"VMP logical model","generation":"generated"},{"nameUrl":"StructureDefinition-VMPPModel.html","title":"VMPP logical model","generation":"generated"},{"nameUrl":"StructureDefinition-IDMPPharmaceuticalProduct.html","title":"Pharmaceutical Product Profile","generation":"generated"},{"nameUrl":"StructureDefinition-PharmaceuticalProduct.html","title":"Pharmaceutical Product Profile","generation":"generated"},{"nameUrl":"StructureDefinition-BoSS.html","title":"BoSS","generation":"generated"},{"nameUrl":"StructureDefinition-ConcentrationPresentation.html","title":"ConcentrationPresentation","generation":"generated"},{"nameUrl":"StructureDefinition-StrengthPattern.html","title":"StrengthPattern","generation":"generated"},{"nameUrl":"StructureDefinition-UnitOfPresentation.html","title":"UnitOfPresentation","generation":"generated"},{"nameUrl":"ValueSet-BoSS-vs.html","title":"BoSS - Basis of Substance Strength options","generation":"generated"},{"nameUrl":"ValueSet-ConcPres-vs.html","title":"Concentration or Presentation Value Set","generation":"generated"},{"nameUrl":"ValueSet-dose-form-ontology-cs.html","title":"Dose Form ontology Value Set","generation":"generated"},{"nameUrl":"ValueSet-Pattern-vs.html","title":"Presentation pattern Value Set","generation":"generated"},{"nameUrl":"ValueSet-prod-type-vs.html","title":"Product Types Value Set","generation":"generated"},{"nameUrl":"CodeSystem-BoSS-cs.html","title":"BoSS - Basis of Substance Strength options Code System","generation":"generated"},{"nameUrl":"CodeSystem-ConcPres-cs.html","title":"Concentration or Presentation Code System","generation":"generated"},{"nameUrl":"CodeSystem-dose-form-ontology-cs.html","title":"Dose Form Ontology Code System","generation":"generated"},{"nameUrl":"CodeSystem-Pattern-cs.html","title":"Presentation pattern Code System","generation":"generated"},{"nameUrl":"CodeSystem-prod-type-cs.html","title":"Product Types code system","generation":"generated"},{"nameUrl":"MedicationKnowledge-EPI-humalog.html","title":"EPI-humalog","generation":"generated"},{"nameUrl":"MedicationRequest-MedPrescription.html","title":"MedPrescription","generation":"generated"},{"nameUrl":"MedicationKnowledge-amlodipine-5mg-caps.html","title":"amlodipine-5mg-caps","generation":"generated"},{"nameUrl":"Medication-med-amlor.html","title":"med-amlor","generation":"generated"}]}]},"parameter":[{"code":"path-resource","value":"input/capabilities"},{"code":"path-resource","value":"input/examples"},{"code":"path-resource","value":"input/extensions"},{"code":"path-resource","value":"input/models"},{"code":"path-resource","value":"input/operations"},{"code":"path-resource","value":"input/profiles"},{"code":"path-resource","value":"input/resources"},{"code":"path-resource","value":"input/vocabulary"},{"code":"path-resource","value":"input/maps"},{"code":"path-resource","value":"input/testing"},{"code":"path-resource","value":"input/history"},{"code":"path-resource","value":"fsh-generated/resources"},{"code":"path-pages","value":"template/config"},{"code":"path-pages","value":"input/images"},{"code":"path-tx-cache","value":"input-cache/txcache"}]}}