{"resourceType":"StructureDefinition","id":"IDMPProductModel","text":{"status":"extensions","div":"<div xmlns=\"http://www.w3.org/1999/xhtml\"><table border=\"0\" cellpadding=\"0\" cellspacing=\"0\" style=\"border: 0px #F0F0F0 solid; font-size: 11px; font-family: verdana; vertical-align: top;\"><tr style=\"border: 1px #F0F0F0 solid; font-size: 11px; font-family: verdana; vertical-align: top\"><th style=\"vertical-align: top; text-align : left; background-color: white; border: 0px #F0F0F0 solid; padding:0px 4px 0px 4px\" class=\"hierarchy\"><a href=\"http://hl7.org/fhir/R4/formats.html#table\" title=\"The logical name of the element\">Name</a></th><th style=\"vertical-align: top; text-align : left; background-color: white; border: 0px #F0F0F0 solid; padding:0px 4px 0px 4px\" class=\"hierarchy\"><a href=\"http://hl7.org/fhir/R4/formats.html#table\" title=\"Information about the use of the element\">Flags</a></th><th style=\"vertical-align: top; text-align : left; background-color: white; border: 0px #F0F0F0 solid; padding:0px 4px 0px 4px\" class=\"hierarchy\"><a href=\"http://hl7.org/fhir/R4/formats.html#table\" title=\"Minimum and Maximum # of times the the element can appear in the instance\">Card.</a></th><th style=\"width: 100px\" class=\"hierarchy\"><a href=\"http://hl7.org/fhir/R4/formats.html#table\" title=\"Reference to the type of the element\">Type</a></th><th style=\"vertical-align: top; text-align : left; background-color: white; border: 0px #F0F0F0 solid; padding:0px 4px 0px 4px\" class=\"hierarchy\"><a href=\"http://hl7.org/fhir/R4/formats.html#table\" title=\"Additional information about the element\">Description &amp; Constraints</a><span style=\"float: right\"><a href=\"http://hl7.org/fhir/R4/formats.html#table\" title=\"Legend for this format\"><img src=\"http://hl7.org/fhir/R4/help16.png\" alt=\"doco\" style=\"background-color: inherit\"/></a></span></th></tr><tr style=\"border: 0px #F0F0F0 solid; padding:0px; vertical-align: top; background-color: white\"><td style=\"vertical-align: top; text-align : left; background-color: white; border: 0px #F0F0F0 solid; padding:0px 4px 0px 4px; white-space: nowrap; background-image: url(tbl_bck1.png)\" class=\"hierarchy\"><img src=\"tbl_spacer.png\" alt=\".\" style=\"background-color: inherit\" class=\"hierarchy\"/><img src=\"icon_element.gif\" alt=\".\" style=\"background-color: white; background-color: inherit\" title=\"Element\" class=\"hierarchy\"/> <a href=\"StructureDefinition-IDMPProductModel-definitions.html#IDMPProductModel\" title=\"IDMP Identifiable Product Model\">IDMPProductModel</a><a name=\"IDMPProductModel\"> </a></td><td style=\"vertical-align: top; text-align : left; background-color: white; border: 0px #F0F0F0 solid; padding:0px 4px 0px 4px\" class=\"hierarchy\"/><td style=\"vertical-align: top; text-align : left; background-color: white; border: 0px #F0F0F0 solid; padding:0px 4px 0px 4px\" class=\"hierarchy\"><span style=\"opacity: 0.5\">0</span><span style=\"opacity: 0.5\">..</span><span style=\"opacity: 0.5\">*</span></td><td style=\"vertical-align: top; text-align : left; background-color: white; border: 0px #F0F0F0 solid; padding:0px 4px 0px 4px\" class=\"hierarchy\"><a href=\"http://hl7.org/fhir/R4/datatypes.html#Element\">Element</a></td><td style=\"vertical-align: top; text-align : left; background-color: white; border: 0px #F0F0F0 solid; padding:0px 4px 0px 4px\" class=\"hierarchy\">IDMPIdentifiableProductModel</td></tr>\r\n<tr style=\"border: 0px #F0F0F0 solid; padding:0px; vertical-align: top; background-color: #F7F7F7\"><td style=\"vertical-align: top; text-align : left; background-color: #F7F7F7; border: 0px #F0F0F0 solid; padding:0px 4px 0px 4px; white-space: nowrap; background-image: url(tbl_bck11.png)\" class=\"hierarchy\"><img src=\"tbl_spacer.png\" alt=\".\" style=\"background-color: inherit\" class=\"hierarchy\"/><img src=\"tbl_vjoin.png\" alt=\".\" style=\"background-color: inherit\" class=\"hierarchy\"/><img src=\"icon_datatype.gif\" alt=\".\" style=\"background-color: #F7F7F7; background-color: inherit\" title=\"Data Type\" class=\"hierarchy\"/> <a href=\"StructureDefinition-IDMPProductModel-definitions.html#IDMPProductModel.name\" title=\"Product Name\">name</a><a name=\"IDMPProductModel.name\"> </a></td><td style=\"vertical-align: top; text-align : left; background-color: #F7F7F7; border: 0px #F0F0F0 solid; padding:0px 4px 0px 4px\" class=\"hierarchy\"/><td style=\"vertical-align: top; text-align : left; background-color: #F7F7F7; border: 0px #F0F0F0 solid; padding:0px 4px 0px 4px\" class=\"hierarchy\">0..*</td><td style=\"vertical-align: top; text-align : left; background-color: #F7F7F7; border: 0px #F0F0F0 solid; padding:0px 4px 0px 4px\" class=\"hierarchy\"><a href=\"http://hl7.org/fhir/R4/datatypes.html#BackboneElement\">BackboneElement</a></td><td style=\"vertical-align: top; text-align : left; background-color: #F7F7F7; border: 0px #F0F0F0 solid; padding:0px 4px 0px 4px\" class=\"hierarchy\">Product Name<br/></td></tr>\r\n<tr style=\"border: 0px #F0F0F0 solid; padding:0px; vertical-align: top; background-color: white\"><td style=\"vertical-align: top; text-align : left; background-color: white; border: 0px #F0F0F0 solid; padding:0px 4px 0px 4px; white-space: nowrap; background-image: url(tbl_bck110.png)\" class=\"hierarchy\"><img src=\"tbl_spacer.png\" alt=\".\" style=\"background-color: inherit\" class=\"hierarchy\"/><img src=\"tbl_vline.png\" alt=\".\" style=\"background-color: inherit\" class=\"hierarchy\"/><img src=\"tbl_vjoin.png\" alt=\".\" style=\"background-color: inherit\" class=\"hierarchy\"/><img src=\"icon_datatype.gif\" alt=\".\" style=\"background-color: white; background-color: inherit\" title=\"Data Type\" class=\"hierarchy\"/> <a href=\"StructureDefinition-IDMPProductModel-definitions.html#IDMPProductModel.name.nameType\" title=\"Name type\">nameType</a><a name=\"IDMPProductModel.name.nameType\"> </a></td><td style=\"vertical-align: top; text-align : left; background-color: white; border: 0px #F0F0F0 solid; padding:0px 4px 0px 4px\" class=\"hierarchy\"/><td style=\"vertical-align: top; text-align : left; background-color: white; border: 0px #F0F0F0 solid; padding:0px 4px 0px 4px\" class=\"hierarchy\">1..1</td><td style=\"vertical-align: top; text-align : left; background-color: white; border: 0px #F0F0F0 solid; padding:0px 4px 0px 4px\" class=\"hierarchy\"><a href=\"http://hl7.org/fhir/R4/datatypes.html#Coding\">Coding</a></td><td style=\"vertical-align: top; text-align : left; background-color: white; border: 0px #F0F0F0 solid; padding:0px 4px 0px 4px\" class=\"hierarchy\">Name type</td></tr>\r\n<tr style=\"border: 0px #F0F0F0 solid; padding:0px; vertical-align: top; background-color: #F7F7F7\"><td style=\"vertical-align: top; text-align : left; background-color: #F7F7F7; border: 0px #F0F0F0 solid; padding:0px 4px 0px 4px; white-space: nowrap; background-image: url(tbl_bck100.png)\" class=\"hierarchy\"><img src=\"tbl_spacer.png\" alt=\".\" style=\"background-color: inherit\" class=\"hierarchy\"/><img src=\"tbl_vline.png\" alt=\".\" style=\"background-color: inherit\" class=\"hierarchy\"/><img src=\"tbl_vjoin_end.png\" alt=\".\" style=\"background-color: inherit\" class=\"hierarchy\"/><img src=\"icon_primitive.png\" alt=\".\" style=\"background-color: #F7F7F7; background-color: inherit\" title=\"Primitive Data Type\" class=\"hierarchy\"/> <a href=\"StructureDefinition-IDMPProductModel-definitions.html#IDMPProductModel.name.name\" title=\"Name\">name</a><a name=\"IDMPProductModel.name.name\"> </a></td><td style=\"vertical-align: top; text-align : left; background-color: #F7F7F7; border: 0px #F0F0F0 solid; padding:0px 4px 0px 4px\" class=\"hierarchy\"/><td style=\"vertical-align: top; text-align : left; background-color: #F7F7F7; border: 0px #F0F0F0 solid; padding:0px 4px 0px 4px\" class=\"hierarchy\">0..1</td><td style=\"vertical-align: top; text-align : left; background-color: #F7F7F7; border: 0px #F0F0F0 solid; padding:0px 4px 0px 4px\" class=\"hierarchy\"><a href=\"http://hl7.org/fhir/R4/datatypes.html#string\">string</a></td><td style=\"vertical-align: top; text-align : left; background-color: #F7F7F7; border: 0px #F0F0F0 solid; padding:0px 4px 0px 4px\" class=\"hierarchy\">Name</td></tr>\r\n<tr style=\"border: 0px #F0F0F0 solid; padding:0px; vertical-align: top; background-color: white\"><td style=\"vertical-align: top; text-align : left; background-color: white; border: 0px #F0F0F0 solid; padding:0px 4px 0px 4px; white-space: nowrap; background-image: url(tbl_bck10.png)\" class=\"hierarchy\"><img src=\"tbl_spacer.png\" alt=\".\" style=\"background-color: inherit\" class=\"hierarchy\"/><img src=\"tbl_vjoin.png\" alt=\".\" style=\"background-color: inherit\" class=\"hierarchy\"/><img src=\"icon_datatype.gif\" alt=\".\" style=\"background-color: white; background-color: inherit\" title=\"Data Type\" class=\"hierarchy\"/> <a href=\"StructureDefinition-IDMPProductModel-definitions.html#IDMPProductModel.classification\" title=\"Classification\">classification</a><a name=\"IDMPProductModel.classification\"> </a></td><td style=\"vertical-align: top; text-align : left; background-color: white; border: 0px #F0F0F0 solid; padding:0px 4px 0px 4px\" class=\"hierarchy\"/><td style=\"vertical-align: top; text-align : left; background-color: white; border: 0px #F0F0F0 solid; padding:0px 4px 0px 4px\" class=\"hierarchy\">0..*</td><td style=\"vertical-align: top; text-align : left; background-color: white; border: 0px #F0F0F0 solid; padding:0px 4px 0px 4px\" class=\"hierarchy\"><a href=\"http://hl7.org/fhir/R4/datatypes.html#CodeableConcept\">CodeableConcept</a></td><td style=\"vertical-align: top; text-align : left; background-color: white; border: 0px #F0F0F0 solid; padding:0px 4px 0px 4px\" class=\"hierarchy\">Classification<br/></td></tr>\r\n<tr style=\"border: 0px #F0F0F0 solid; padding:0px; vertical-align: top; background-color: #F7F7F7\"><td style=\"vertical-align: top; text-align : left; background-color: #F7F7F7; border: 0px #F0F0F0 solid; padding:0px 4px 0px 4px; white-space: nowrap; background-image: url(tbl_bck11.png)\" class=\"hierarchy\"><img src=\"tbl_spacer.png\" alt=\".\" style=\"background-color: inherit\" class=\"hierarchy\"/><img src=\"tbl_vjoin.png\" alt=\".\" style=\"background-color: inherit\" class=\"hierarchy\"/><img src=\"icon_datatype.gif\" alt=\".\" style=\"background-color: #F7F7F7; background-color: inherit\" title=\"Data Type\" class=\"hierarchy\"/> <a href=\"StructureDefinition-IDMPProductModel-definitions.html#IDMPProductModel.identifier\" title=\"Identifiers\">identifier</a><a name=\"IDMPProductModel.identifier\"> </a></td><td style=\"vertical-align: top; text-align : left; background-color: #F7F7F7; border: 0px #F0F0F0 solid; padding:0px 4px 0px 4px\" class=\"hierarchy\"/><td style=\"vertical-align: top; text-align : left; background-color: #F7F7F7; border: 0px #F0F0F0 solid; padding:0px 4px 0px 4px\" class=\"hierarchy\">0..*</td><td style=\"vertical-align: top; text-align : left; background-color: #F7F7F7; border: 0px #F0F0F0 solid; padding:0px 4px 0px 4px\" class=\"hierarchy\"><a href=\"http://hl7.org/fhir/R4/datatypes.html#BackboneElement\">BackboneElement</a></td><td style=\"vertical-align: top; text-align : left; background-color: #F7F7F7; border: 0px #F0F0F0 solid; padding:0px 4px 0px 4px\" class=\"hierarchy\">Identifiers<br/></td></tr>\r\n<tr style=\"border: 0px #F0F0F0 solid; padding:0px; vertical-align: top; background-color: white\"><td style=\"vertical-align: top; text-align : left; background-color: white; border: 0px #F0F0F0 solid; padding:0px 4px 0px 4px; white-space: nowrap; background-image: url(tbl_bck110.png)\" class=\"hierarchy\"><img src=\"tbl_spacer.png\" alt=\".\" style=\"background-color: inherit\" class=\"hierarchy\"/><img src=\"tbl_vline.png\" alt=\".\" style=\"background-color: inherit\" class=\"hierarchy\"/><img src=\"tbl_vjoin.png\" alt=\".\" style=\"background-color: inherit\" class=\"hierarchy\"/><img src=\"icon_datatype.gif\" alt=\".\" style=\"background-color: white; background-color: inherit\" title=\"Data Type\" class=\"hierarchy\"/> <a href=\"StructureDefinition-IDMPProductModel-definitions.html#IDMPProductModel.identifier.pcid\" title=\"IDMP PCID\">pcid</a><a name=\"IDMPProductModel.identifier.pcid\"> </a></td><td style=\"vertical-align: top; text-align : left; background-color: white; border: 0px #F0F0F0 solid; padding:0px 4px 0px 4px\" class=\"hierarchy\"/><td style=\"vertical-align: top; text-align : left; background-color: white; border: 0px #F0F0F0 solid; padding:0px 4px 0px 4px\" class=\"hierarchy\">0..1</td><td style=\"vertical-align: top; text-align : left; background-color: white; border: 0px #F0F0F0 solid; padding:0px 4px 0px 4px\" class=\"hierarchy\"><a href=\"http://hl7.org/fhir/R4/datatypes.html#Identifier\">Identifier</a></td><td style=\"vertical-align: top; text-align : left; background-color: white; border: 0px #F0F0F0 solid; padding:0px 4px 0px 4px\" class=\"hierarchy\">IDMP PCID</td></tr>\r\n<tr style=\"border: 0px #F0F0F0 solid; padding:0px; vertical-align: top; background-color: #F7F7F7\"><td style=\"vertical-align: top; text-align : left; background-color: #F7F7F7; border: 0px #F0F0F0 solid; padding:0px 4px 0px 4px; white-space: nowrap; background-image: url(tbl_bck110.png)\" class=\"hierarchy\"><img src=\"tbl_spacer.png\" alt=\".\" style=\"background-color: inherit\" class=\"hierarchy\"/><img src=\"tbl_vline.png\" alt=\".\" style=\"background-color: inherit\" class=\"hierarchy\"/><img src=\"tbl_vjoin.png\" alt=\".\" style=\"background-color: inherit\" class=\"hierarchy\"/><img src=\"icon_datatype.gif\" alt=\".\" style=\"background-color: #F7F7F7; background-color: inherit\" title=\"Data Type\" class=\"hierarchy\"/> <a href=\"StructureDefinition-IDMPProductModel-definitions.html#IDMPProductModel.identifier.mpid\" title=\"IDMP MPID\">mpid</a><a name=\"IDMPProductModel.identifier.mpid\"> </a></td><td style=\"vertical-align: top; text-align : left; background-color: #F7F7F7; border: 0px #F0F0F0 solid; padding:0px 4px 0px 4px\" class=\"hierarchy\"/><td style=\"vertical-align: top; text-align : left; background-color: #F7F7F7; border: 0px #F0F0F0 solid; padding:0px 4px 0px 4px\" class=\"hierarchy\">0..1</td><td style=\"vertical-align: top; text-align : left; background-color: #F7F7F7; border: 0px #F0F0F0 solid; padding:0px 4px 0px 4px\" class=\"hierarchy\"><a href=\"http://hl7.org/fhir/R4/datatypes.html#Identifier\">Identifier</a></td><td style=\"vertical-align: top; text-align : left; background-color: #F7F7F7; border: 0px #F0F0F0 solid; padding:0px 4px 0px 4px\" class=\"hierarchy\">IDMP MPID</td></tr>\r\n<tr style=\"border: 0px #F0F0F0 solid; padding:0px; vertical-align: top; background-color: white\"><td style=\"vertical-align: top; text-align : left; background-color: white; border: 0px #F0F0F0 solid; padding:0px 4px 0px 4px; white-space: nowrap; background-image: url(tbl_bck100.png)\" class=\"hierarchy\"><img src=\"tbl_spacer.png\" alt=\".\" style=\"background-color: inherit\" class=\"hierarchy\"/><img src=\"tbl_vline.png\" alt=\".\" style=\"background-color: inherit\" class=\"hierarchy\"/><img src=\"tbl_vjoin_end.png\" alt=\".\" style=\"background-color: inherit\" class=\"hierarchy\"/><img src=\"icon_datatype.gif\" alt=\".\" style=\"background-color: white; background-color: inherit\" title=\"Data Type\" class=\"hierarchy\"/> <a href=\"StructureDefinition-IDMPProductModel-definitions.html#IDMPProductModel.identifier.phpid4\" title=\"IDMP PhPID Level 4\">phpid4</a><a name=\"IDMPProductModel.identifier.phpid4\"> </a></td><td style=\"vertical-align: top; text-align : left; background-color: white; border: 0px #F0F0F0 solid; padding:0px 4px 0px 4px\" class=\"hierarchy\"/><td style=\"vertical-align: top; text-align : left; background-color: white; border: 0px #F0F0F0 solid; padding:0px 4px 0px 4px\" class=\"hierarchy\">0..1</td><td style=\"vertical-align: top; text-align : left; background-color: white; border: 0px #F0F0F0 solid; padding:0px 4px 0px 4px\" class=\"hierarchy\"><a href=\"http://hl7.org/fhir/R4/datatypes.html#Identifier\">Identifier</a></td><td style=\"vertical-align: top; text-align : left; background-color: white; border: 0px #F0F0F0 solid; padding:0px 4px 0px 4px\" class=\"hierarchy\">IDMP PhPID Level 4<br/><span style=\"font-weight:bold\">Example (illustrative): </span><span style=\"color: darkgreen\">0x073AF2E5B92AE19E8B67635AFFB3D6CA</span></td></tr>\r\n<tr style=\"border: 0px #F0F0F0 solid; padding:0px; vertical-align: top; background-color: #F7F7F7\"><td style=\"vertical-align: top; text-align : left; background-color: #F7F7F7; border: 0px #F0F0F0 solid; padding:0px 4px 0px 4px; white-space: nowrap; background-image: url(tbl_bck10.png)\" class=\"hierarchy\"><img src=\"tbl_spacer.png\" alt=\".\" style=\"background-color: inherit\" class=\"hierarchy\"/><img src=\"tbl_vjoin.png\" alt=\".\" style=\"background-color: inherit\" class=\"hierarchy\"/><img src=\"icon_datatype.gif\" alt=\".\" style=\"background-color: #F7F7F7; background-color: inherit\" title=\"Data Type\" class=\"hierarchy\"/> <a href=\"StructureDefinition-IDMPProductModel-definitions.html#IDMPProductModel.marketingAuthorizationHolder\" title=\"Authorized Dose Form\">marketingAuthorizationHolder</a><a name=\"IDMPProductModel.marketingAuthorizationHolder\"> </a></td><td style=\"vertical-align: top; text-align : left; background-color: #F7F7F7; border: 0px #F0F0F0 solid; padding:0px 4px 0px 4px\" class=\"hierarchy\"/><td style=\"vertical-align: top; text-align : left; background-color: #F7F7F7; border: 0px #F0F0F0 solid; padding:0px 4px 0px 4px\" class=\"hierarchy\">0..1</td><td style=\"vertical-align: top; text-align : left; background-color: #F7F7F7; border: 0px #F0F0F0 solid; padding:0px 4px 0px 4px\" class=\"hierarchy\"><a href=\"http://hl7.org/fhir/R4/datatypes.html#CodeableConcept\">CodeableConcept</a></td><td style=\"vertical-align: top; text-align : left; background-color: #F7F7F7; border: 0px #F0F0F0 solid; padding:0px 4px 0px 4px\" class=\"hierarchy\">Authorized Dose Form</td></tr>\r\n<tr style=\"border: 0px #F0F0F0 solid; padding:0px; vertical-align: top; background-color: white\"><td style=\"vertical-align: top; text-align : left; background-color: white; border: 0px #F0F0F0 solid; padding:0px 4px 0px 4px; white-space: nowrap; background-image: url(tbl_bck10.png)\" class=\"hierarchy\"><img src=\"tbl_spacer.png\" alt=\".\" style=\"background-color: inherit\" class=\"hierarchy\"/><img src=\"tbl_vjoin.png\" alt=\".\" style=\"background-color: inherit\" class=\"hierarchy\"/><img src=\"icon_datatype.gif\" alt=\".\" style=\"background-color: white; background-color: inherit\" title=\"Data Type\" class=\"hierarchy\"/> <a href=\"StructureDefinition-IDMPProductModel-definitions.html#IDMPProductModel.doseForm\" title=\"Authorized Dose Form\">doseForm</a><a name=\"IDMPProductModel.doseForm\"> </a></td><td style=\"vertical-align: top; text-align : left; background-color: white; border: 0px #F0F0F0 solid; padding:0px 4px 0px 4px\" class=\"hierarchy\"/><td style=\"vertical-align: top; text-align : left; background-color: white; border: 0px #F0F0F0 solid; padding:0px 4px 0px 4px\" class=\"hierarchy\">1..1</td><td style=\"vertical-align: top; text-align : left; background-color: white; border: 0px #F0F0F0 solid; padding:0px 4px 0px 4px\" class=\"hierarchy\"><a href=\"http://hl7.org/fhir/R4/datatypes.html#CodeableConcept\">CodeableConcept</a></td><td style=\"vertical-align: top; text-align : left; background-color: white; border: 0px #F0F0F0 solid; padding:0px 4px 0px 4px\" class=\"hierarchy\">Authorized Dose Form<br/><span style=\"font-weight:bold\">Example (edqm): </span><span style=\"color: darkgreen\">10210000 capsule, hard</span></td></tr>\r\n<tr style=\"border: 0px #F0F0F0 solid; padding:0px; vertical-align: top; background-color: #F7F7F7\"><td style=\"vertical-align: top; text-align : left; background-color: #F7F7F7; border: 0px #F0F0F0 solid; padding:0px 4px 0px 4px; white-space: nowrap; background-image: url(tbl_bck10.png)\" class=\"hierarchy\"><img src=\"tbl_spacer.png\" alt=\".\" style=\"background-color: inherit\" class=\"hierarchy\"/><img src=\"tbl_vjoin.png\" alt=\".\" style=\"background-color: inherit\" class=\"hierarchy\"/><img src=\"icon_datatype.gif\" alt=\".\" style=\"background-color: #F7F7F7; background-color: inherit\" title=\"Data Type\" class=\"hierarchy\"/> <a href=\"StructureDefinition-IDMPProductModel-definitions.html#IDMPProductModel.unitOfPresentation\" title=\"Unit of presentation\">unitOfPresentation</a><a name=\"IDMPProductModel.unitOfPresentation\"> </a></td><td style=\"vertical-align: top; text-align : left; background-color: #F7F7F7; border: 0px #F0F0F0 solid; padding:0px 4px 0px 4px\" class=\"hierarchy\"/><td style=\"vertical-align: top; text-align : left; background-color: #F7F7F7; border: 0px #F0F0F0 solid; padding:0px 4px 0px 4px\" class=\"hierarchy\">1..1</td><td style=\"vertical-align: top; text-align : left; background-color: #F7F7F7; border: 0px #F0F0F0 solid; padding:0px 4px 0px 4px\" class=\"hierarchy\"><a href=\"http://hl7.org/fhir/R4/datatypes.html#CodeableConcept\">CodeableConcept</a></td><td style=\"vertical-align: top; text-align : left; background-color: #F7F7F7; border: 0px #F0F0F0 solid; padding:0px 4px 0px 4px\" class=\"hierarchy\">Unit of presentation<br/><span style=\"font-weight:bold\">Example (edqm): </span><span style=\"color: darkgreen\">15012000 capsule</span></td></tr>\r\n<tr style=\"border: 0px #F0F0F0 solid; padding:0px; vertical-align: top; background-color: white\"><td style=\"vertical-align: top; text-align : left; background-color: white; border: 0px #F0F0F0 solid; padding:0px 4px 0px 4px; white-space: nowrap; background-image: url(tbl_bck10.png)\" class=\"hierarchy\"><img src=\"tbl_spacer.png\" alt=\".\" style=\"background-color: inherit\" class=\"hierarchy\"/><img src=\"tbl_vjoin.png\" alt=\".\" style=\"background-color: inherit\" class=\"hierarchy\"/><img src=\"icon_datatype.gif\" alt=\".\" style=\"background-color: white; background-color: inherit\" title=\"Data Type\" class=\"hierarchy\"/> <a href=\"StructureDefinition-IDMPProductModel-definitions.html#IDMPProductModel.routeOfAdministration\" title=\"Route of administration\">routeOfAdministration</a><a name=\"IDMPProductModel.routeOfAdministration\"> </a></td><td style=\"vertical-align: top; text-align : left; background-color: white; border: 0px #F0F0F0 solid; padding:0px 4px 0px 4px\" class=\"hierarchy\"/><td style=\"vertical-align: top; text-align : left; background-color: white; border: 0px #F0F0F0 solid; padding:0px 4px 0px 4px\" class=\"hierarchy\">1..1</td><td style=\"vertical-align: top; text-align : left; background-color: white; border: 0px #F0F0F0 solid; padding:0px 4px 0px 4px\" class=\"hierarchy\"><a href=\"http://hl7.org/fhir/R4/datatypes.html#CodeableConcept\">CodeableConcept</a></td><td style=\"vertical-align: top; text-align : left; background-color: white; border: 0px #F0F0F0 solid; padding:0px 4px 0px 4px\" class=\"hierarchy\">Route of administration</td></tr>\r\n<tr style=\"border: 0px #F0F0F0 solid; padding:0px; vertical-align: top; background-color: #F7F7F7\"><td style=\"vertical-align: top; text-align : left; background-color: #F7F7F7; border: 0px #F0F0F0 solid; padding:0px 4px 0px 4px; white-space: nowrap; background-image: url(tbl_bck11.png)\" class=\"hierarchy\"><img src=\"tbl_spacer.png\" alt=\".\" style=\"background-color: inherit\" class=\"hierarchy\"/><img src=\"tbl_vjoin.png\" alt=\".\" style=\"background-color: inherit\" class=\"hierarchy\"/><img src=\"icon_datatype.gif\" alt=\".\" style=\"background-color: #F7F7F7; background-color: inherit\" title=\"Data Type\" class=\"hierarchy\"/> <a href=\"StructureDefinition-IDMPProductModel-definitions.html#IDMPProductModel.ingredient\" title=\"Ingredient(s) that are part of the product, with therapeutical usage or not\">ingredient</a><a name=\"IDMPProductModel.ingredient\"> </a></td><td style=\"vertical-align: top; text-align : left; background-color: #F7F7F7; border: 0px #F0F0F0 solid; padding:0px 4px 0px 4px\" class=\"hierarchy\"/><td style=\"vertical-align: top; text-align : left; background-color: #F7F7F7; border: 0px #F0F0F0 solid; padding:0px 4px 0px 4px\" class=\"hierarchy\">1..*</td><td style=\"vertical-align: top; text-align : left; background-color: #F7F7F7; border: 0px #F0F0F0 solid; padding:0px 4px 0px 4px\" class=\"hierarchy\"><a href=\"http://hl7.org/fhir/R4/datatypes.html#BackboneElement\">BackboneElement</a></td><td style=\"vertical-align: top; text-align : left; background-color: #F7F7F7; border: 0px #F0F0F0 solid; padding:0px 4px 0px 4px\" class=\"hierarchy\">Ingredient(s) that are part of the product, with therapeutical usage or not<br/></td></tr>\r\n<tr style=\"border: 0px #F0F0F0 solid; padding:0px; vertical-align: top; background-color: white\"><td style=\"vertical-align: top; text-align : left; background-color: white; border: 0px #F0F0F0 solid; padding:0px 4px 0px 4px; white-space: nowrap; background-image: url(tbl_bck110.png)\" class=\"hierarchy\"><img src=\"tbl_spacer.png\" alt=\".\" style=\"background-color: inherit\" class=\"hierarchy\"/><img src=\"tbl_vline.png\" alt=\".\" style=\"background-color: inherit\" class=\"hierarchy\"/><img src=\"tbl_vjoin.png\" alt=\".\" style=\"background-color: inherit\" class=\"hierarchy\"/><img src=\"icon_datatype.gif\" alt=\".\" style=\"background-color: white; background-color: inherit\" title=\"Data Type\" class=\"hierarchy\"/> <a href=\"StructureDefinition-IDMPProductModel-definitions.html#IDMPProductModel.ingredient.substance\" title=\"Codification of the substance\">substance</a><a name=\"IDMPProductModel.ingredient.substance\"> </a></td><td style=\"vertical-align: top; text-align : left; background-color: white; border: 0px #F0F0F0 solid; padding:0px 4px 0px 4px\" class=\"hierarchy\"/><td style=\"vertical-align: top; text-align : left; background-color: white; border: 0px #F0F0F0 solid; padding:0px 4px 0px 4px\" class=\"hierarchy\">1..1</td><td style=\"vertical-align: top; text-align : left; background-color: white; border: 0px #F0F0F0 solid; padding:0px 4px 0px 4px\" class=\"hierarchy\"><a href=\"http://hl7.org/fhir/R4/datatypes.html#CodeableConcept\">CodeableConcept</a></td><td style=\"vertical-align: top; text-align : left; background-color: white; border: 0px #F0F0F0 solid; padding:0px 4px 0px 4px\" class=\"hierarchy\">Codification of the substance<br/><span style=\"font-weight:bold\">Example (illustrative): </span><span style=\"color: darkgreen\">Amlodipine Besilate</span></td></tr>\r\n<tr style=\"border: 0px #F0F0F0 solid; padding:0px; vertical-align: top; background-color: #F7F7F7\"><td style=\"vertical-align: top; text-align : left; background-color: #F7F7F7; border: 0px #F0F0F0 solid; padding:0px 4px 0px 4px; white-space: nowrap; background-image: url(tbl_bck111.png)\" class=\"hierarchy\"><img src=\"tbl_spacer.png\" alt=\".\" style=\"background-color: inherit\" class=\"hierarchy\"/><img src=\"tbl_vline.png\" alt=\".\" style=\"background-color: inherit\" class=\"hierarchy\"/><img src=\"tbl_vjoin.png\" alt=\".\" style=\"background-color: inherit\" class=\"hierarchy\"/><img src=\"icon_datatype.gif\" alt=\".\" style=\"background-color: #F7F7F7; background-color: inherit\" title=\"Data Type\" class=\"hierarchy\"/> <a href=\"StructureDefinition-IDMPProductModel-definitions.html#IDMPProductModel.ingredient.strength\" title=\"Authorized strength of the substance\">strength</a><a name=\"IDMPProductModel.ingredient.strength\"> </a></td><td style=\"vertical-align: top; text-align : left; background-color: #F7F7F7; border: 0px #F0F0F0 solid; padding:0px 4px 0px 4px\" class=\"hierarchy\"/><td style=\"vertical-align: top; text-align : left; background-color: #F7F7F7; border: 0px #F0F0F0 solid; padding:0px 4px 0px 4px\" class=\"hierarchy\">1..1</td><td style=\"vertical-align: top; text-align : left; background-color: #F7F7F7; border: 0px #F0F0F0 solid; padding:0px 4px 0px 4px\" class=\"hierarchy\"><a href=\"http://hl7.org/fhir/R4/datatypes.html#BackboneElement\">BackboneElement</a></td><td style=\"vertical-align: top; text-align : left; background-color: #F7F7F7; border: 0px #F0F0F0 solid; padding:0px 4px 0px 4px\" class=\"hierarchy\">Authorized strength of the substance</td></tr>\r\n<tr style=\"border: 0px #F0F0F0 solid; padding:0px; vertical-align: top; background-color: white\"><td style=\"vertical-align: top; text-align : left; background-color: white; border: 0px #F0F0F0 solid; padding:0px 4px 0px 4px; white-space: nowrap; background-image: url(tbl_bck1101.png)\" class=\"hierarchy\"><img src=\"tbl_spacer.png\" alt=\".\" style=\"background-color: inherit\" class=\"hierarchy\"/><img src=\"tbl_vline.png\" alt=\".\" style=\"background-color: inherit\" class=\"hierarchy\"/><img src=\"tbl_vline.png\" alt=\".\" style=\"background-color: inherit\" class=\"hierarchy\"/><img src=\"tbl_vjoin_end.png\" alt=\".\" style=\"background-color: inherit\" class=\"hierarchy\"/><img src=\"icon_datatype.gif\" alt=\".\" style=\"background-color: white; background-color: inherit\" title=\"Data Type\" class=\"hierarchy\"/> <a href=\"StructureDefinition-IDMPProductModel-definitions.html#IDMPProductModel.ingredient.strength.strengthValue\" title=\"Strength of the substance in this product\">strengthValue</a><a name=\"IDMPProductModel.ingredient.strength.strengthValue\"> </a></td><td style=\"vertical-align: top; text-align : left; background-color: white; border: 0px #F0F0F0 solid; padding:0px 4px 0px 4px\" class=\"hierarchy\"/><td style=\"vertical-align: top; text-align : left; background-color: white; border: 0px #F0F0F0 solid; padding:0px 4px 0px 4px\" class=\"hierarchy\">1..1</td><td style=\"vertical-align: top; text-align : left; background-color: white; border: 0px #F0F0F0 solid; padding:0px 4px 0px 4px\" class=\"hierarchy\"><a href=\"http://hl7.org/fhir/R4/datatypes.html#BackboneElement\">BackboneElement</a></td><td style=\"vertical-align: top; text-align : left; background-color: white; border: 0px #F0F0F0 solid; padding:0px 4px 0px 4px\" class=\"hierarchy\">Strength of the substance in this product</td></tr>\r\n<tr style=\"border: 0px #F0F0F0 solid; padding:0px; vertical-align: top; background-color: #F7F7F7\"><td style=\"vertical-align: top; text-align : left; background-color: #F7F7F7; border: 0px #F0F0F0 solid; padding:0px 4px 0px 4px; white-space: nowrap; background-image: url(tbl_bck11010.png)\" class=\"hierarchy\"><img src=\"tbl_spacer.png\" alt=\".\" style=\"background-color: inherit\" class=\"hierarchy\"/><img src=\"tbl_vline.png\" alt=\".\" style=\"background-color: inherit\" class=\"hierarchy\"/><img src=\"tbl_vline.png\" alt=\".\" style=\"background-color: inherit\" class=\"hierarchy\"/><img src=\"tbl_blank.png\" alt=\".\" style=\"background-color: inherit\" class=\"hierarchy\"/><img src=\"tbl_vjoin.png\" alt=\".\" style=\"background-color: inherit\" class=\"hierarchy\"/><img src=\"icon_datatype.gif\" alt=\".\" style=\"background-color: #F7F7F7; background-color: inherit\" title=\"Data Type\" class=\"hierarchy\"/> <a href=\"StructureDefinition-IDMPProductModel-definitions.html#IDMPProductModel.ingredient.strength.strengthValue.numerator\" title=\"Strength numerator\">numerator</a><a name=\"IDMPProductModel.ingredient.strength.strengthValue.numerator\"> </a></td><td style=\"vertical-align: top; text-align : left; background-color: #F7F7F7; border: 0px #F0F0F0 solid; padding:0px 4px 0px 4px\" class=\"hierarchy\"/><td style=\"vertical-align: top; text-align : left; background-color: #F7F7F7; border: 0px #F0F0F0 solid; padding:0px 4px 0px 4px\" class=\"hierarchy\">1..1</td><td style=\"vertical-align: top; text-align : left; background-color: #F7F7F7; border: 0px #F0F0F0 solid; padding:0px 4px 0px 4px\" class=\"hierarchy\"><a href=\"http://hl7.org/fhir/R4/datatypes.html#SimpleQuantity\" title=\"Quantity\">SimpleQuantity</a></td><td style=\"vertical-align: top; text-align : left; background-color: #F7F7F7; border: 0px #F0F0F0 solid; padding:0px 4px 0px 4px\" class=\"hierarchy\">Strength numerator<br/><span style=\"font-weight:bold\">Example (illustrative): </span><span style=\"color: darkgreen\">5 mg</span></td></tr>\r\n<tr style=\"border: 0px #F0F0F0 solid; padding:0px; vertical-align: top; background-color: white\"><td style=\"vertical-align: top; text-align : left; background-color: white; border: 0px #F0F0F0 solid; padding:0px 4px 0px 4px; white-space: nowrap; background-image: url(tbl_bck11000.png)\" class=\"hierarchy\"><img src=\"tbl_spacer.png\" alt=\".\" style=\"background-color: inherit\" class=\"hierarchy\"/><img src=\"tbl_vline.png\" alt=\".\" style=\"background-color: inherit\" class=\"hierarchy\"/><img src=\"tbl_vline.png\" alt=\".\" style=\"background-color: inherit\" class=\"hierarchy\"/><img src=\"tbl_blank.png\" alt=\".\" style=\"background-color: inherit\" class=\"hierarchy\"/><img src=\"tbl_vjoin_end.png\" alt=\".\" style=\"background-color: inherit\" class=\"hierarchy\"/><img src=\"icon_datatype.gif\" alt=\".\" style=\"background-color: white; background-color: inherit\" title=\"Data Type\" class=\"hierarchy\"/> <a href=\"StructureDefinition-IDMPProductModel-definitions.html#IDMPProductModel.ingredient.strength.strengthValue.denominator\" title=\"Strength denominator\">denominator</a><a name=\"IDMPProductModel.ingredient.strength.strengthValue.denominator\"> </a></td><td style=\"vertical-align: top; text-align : left; background-color: white; border: 0px #F0F0F0 solid; padding:0px 4px 0px 4px\" class=\"hierarchy\"/><td style=\"vertical-align: top; text-align : left; background-color: white; border: 0px #F0F0F0 solid; padding:0px 4px 0px 4px\" class=\"hierarchy\">1..1</td><td style=\"vertical-align: top; text-align : left; background-color: white; border: 0px #F0F0F0 solid; padding:0px 4px 0px 4px\" class=\"hierarchy\"><a href=\"http://hl7.org/fhir/R4/datatypes.html#SimpleQuantity\" title=\"Quantity\">SimpleQuantity</a></td><td style=\"vertical-align: top; text-align : left; background-color: white; border: 0px #F0F0F0 solid; padding:0px 4px 0px 4px\" class=\"hierarchy\">Strength denominator</td></tr>\r\n<tr style=\"border: 0px #F0F0F0 solid; padding:0px; vertical-align: top; background-color: #F7F7F7\"><td style=\"vertical-align: top; text-align : left; background-color: #F7F7F7; border: 0px #F0F0F0 solid; padding:0px 4px 0px 4px; white-space: nowrap; background-image: url(tbl_bck101.png)\" class=\"hierarchy\"><img src=\"tbl_spacer.png\" alt=\".\" style=\"background-color: inherit\" class=\"hierarchy\"/><img src=\"tbl_vline.png\" alt=\".\" style=\"background-color: inherit\" class=\"hierarchy\"/><img src=\"tbl_vjoin_end.png\" alt=\".\" style=\"background-color: inherit\" class=\"hierarchy\"/><img src=\"icon_datatype.gif\" alt=\".\" style=\"background-color: #F7F7F7; background-color: inherit\" title=\"Data Type\" class=\"hierarchy\"/> <a href=\"StructureDefinition-IDMPProductModel-definitions.html#IDMPProductModel.ingredient.referenceStrength\" title=\"Authorized strength of the substance\">referenceStrength</a><a name=\"IDMPProductModel.ingredient.referenceStrength\"> </a></td><td style=\"vertical-align: top; text-align : left; background-color: #F7F7F7; border: 0px #F0F0F0 solid; padding:0px 4px 0px 4px\" class=\"hierarchy\"/><td style=\"vertical-align: top; text-align : left; background-color: #F7F7F7; border: 0px #F0F0F0 solid; padding:0px 4px 0px 4px\" class=\"hierarchy\">1..1</td><td style=\"vertical-align: top; text-align : left; background-color: #F7F7F7; border: 0px #F0F0F0 solid; padding:0px 4px 0px 4px\" class=\"hierarchy\"><a href=\"http://hl7.org/fhir/R4/datatypes.html#BackboneElement\">BackboneElement</a></td><td style=\"vertical-align: top; text-align : left; background-color: #F7F7F7; border: 0px #F0F0F0 solid; padding:0px 4px 0px 4px\" class=\"hierarchy\">Authorized strength of the substance</td></tr>\r\n<tr style=\"border: 0px #F0F0F0 solid; padding:0px; vertical-align: top; background-color: white\"><td style=\"vertical-align: top; text-align : left; background-color: white; border: 0px #F0F0F0 solid; padding:0px 4px 0px 4px; white-space: nowrap; background-image: url(tbl_bck1010.png)\" class=\"hierarchy\"><img src=\"tbl_spacer.png\" alt=\".\" style=\"background-color: inherit\" class=\"hierarchy\"/><img src=\"tbl_vline.png\" alt=\".\" style=\"background-color: inherit\" class=\"hierarchy\"/><img src=\"tbl_blank.png\" alt=\".\" style=\"background-color: inherit\" class=\"hierarchy\"/><img src=\"tbl_vjoin.png\" alt=\".\" style=\"background-color: inherit\" class=\"hierarchy\"/><img src=\"icon_datatype.gif\" alt=\".\" style=\"background-color: white; background-color: inherit\" title=\"Data Type\" class=\"hierarchy\"/> <a href=\"StructureDefinition-IDMPProductModel-definitions.html#IDMPProductModel.ingredient.referenceStrength.referenceStrengthSubstance\" title=\"The substance used to determine the strength\">referenceStrengthSubstance</a><a name=\"IDMPProductModel.ingredient.referenceStrength.referenceStrengthSubstance\"> </a></td><td style=\"vertical-align: top; text-align : left; background-color: white; border: 0px #F0F0F0 solid; padding:0px 4px 0px 4px\" class=\"hierarchy\"/><td style=\"vertical-align: top; text-align : left; background-color: white; border: 0px #F0F0F0 solid; padding:0px 4px 0px 4px\" class=\"hierarchy\">1..1</td><td style=\"vertical-align: top; text-align : left; background-color: white; border: 0px #F0F0F0 solid; padding:0px 4px 0px 4px\" class=\"hierarchy\"><a href=\"http://hl7.org/fhir/R4/datatypes.html#CodeableConcept\">CodeableConcept</a></td><td style=\"vertical-align: top; text-align : left; background-color: white; border: 0px #F0F0F0 solid; padding:0px 4px 0px 4px\" class=\"hierarchy\">The substance used to determine the strength</td></tr>\r\n<tr style=\"border: 0px #F0F0F0 solid; padding:0px; vertical-align: top; background-color: #F7F7F7\"><td style=\"vertical-align: top; text-align : left; background-color: #F7F7F7; border: 0px #F0F0F0 solid; padding:0px 4px 0px 4px; white-space: nowrap; background-image: url(tbl_bck1001.png)\" class=\"hierarchy\"><img src=\"tbl_spacer.png\" alt=\".\" style=\"background-color: inherit\" class=\"hierarchy\"/><img src=\"tbl_vline.png\" alt=\".\" style=\"background-color: inherit\" class=\"hierarchy\"/><img src=\"tbl_blank.png\" alt=\".\" style=\"background-color: inherit\" class=\"hierarchy\"/><img src=\"tbl_vjoin_end.png\" alt=\".\" style=\"background-color: inherit\" class=\"hierarchy\"/><img src=\"icon_datatype.gif\" alt=\".\" style=\"background-color: #F7F7F7; background-color: inherit\" title=\"Data Type\" class=\"hierarchy\"/> <a href=\"StructureDefinition-IDMPProductModel-definitions.html#IDMPProductModel.ingredient.referenceStrength.referenceStrengthValue\" title=\"Strength of the substance in this product\">referenceStrengthValue</a><a name=\"IDMPProductModel.ingredient.referenceStrength.referenceStrengthValue\"> </a></td><td style=\"vertical-align: top; text-align : left; background-color: #F7F7F7; border: 0px #F0F0F0 solid; padding:0px 4px 0px 4px\" class=\"hierarchy\"/><td style=\"vertical-align: top; text-align : left; background-color: #F7F7F7; border: 0px #F0F0F0 solid; padding:0px 4px 0px 4px\" class=\"hierarchy\">1..1</td><td style=\"vertical-align: top; text-align : left; background-color: #F7F7F7; border: 0px #F0F0F0 solid; padding:0px 4px 0px 4px\" class=\"hierarchy\"><a href=\"http://hl7.org/fhir/R4/datatypes.html#BackboneElement\">BackboneElement</a></td><td style=\"vertical-align: top; text-align : left; background-color: #F7F7F7; border: 0px #F0F0F0 solid; padding:0px 4px 0px 4px\" class=\"hierarchy\">Strength of the substance in this product</td></tr>\r\n<tr style=\"border: 0px #F0F0F0 solid; padding:0px; vertical-align: top; background-color: white\"><td style=\"vertical-align: top; text-align : left; background-color: white; border: 0px #F0F0F0 solid; padding:0px 4px 0px 4px; white-space: nowrap; background-image: url(tbl_bck10010.png)\" class=\"hierarchy\"><img src=\"tbl_spacer.png\" alt=\".\" style=\"background-color: inherit\" class=\"hierarchy\"/><img src=\"tbl_vline.png\" alt=\".\" style=\"background-color: inherit\" class=\"hierarchy\"/><img src=\"tbl_blank.png\" alt=\".\" style=\"background-color: inherit\" class=\"hierarchy\"/><img src=\"tbl_blank.png\" alt=\".\" style=\"background-color: inherit\" class=\"hierarchy\"/><img src=\"tbl_vjoin.png\" alt=\".\" style=\"background-color: inherit\" class=\"hierarchy\"/><img src=\"icon_datatype.gif\" alt=\".\" style=\"background-color: white; background-color: inherit\" title=\"Data Type\" class=\"hierarchy\"/> <a href=\"StructureDefinition-IDMPProductModel-definitions.html#IDMPProductModel.ingredient.referenceStrength.referenceStrengthValue.numerator\" title=\"Strength numerator\">numerator</a><a name=\"IDMPProductModel.ingredient.referenceStrength.referenceStrengthValue.numerator\"> </a></td><td style=\"vertical-align: top; text-align : left; background-color: white; border: 0px #F0F0F0 solid; padding:0px 4px 0px 4px\" class=\"hierarchy\"/><td style=\"vertical-align: top; text-align : left; background-color: white; border: 0px #F0F0F0 solid; padding:0px 4px 0px 4px\" class=\"hierarchy\">1..1</td><td style=\"vertical-align: top; text-align : left; background-color: white; border: 0px #F0F0F0 solid; padding:0px 4px 0px 4px\" class=\"hierarchy\"><a href=\"http://hl7.org/fhir/R4/datatypes.html#SimpleQuantity\" title=\"Quantity\">SimpleQuantity</a></td><td style=\"vertical-align: top; text-align : left; background-color: white; border: 0px #F0F0F0 solid; padding:0px 4px 0px 4px\" class=\"hierarchy\">Strength numerator<br/><span style=\"font-weight:bold\">Example (illustrative): </span><span style=\"color: darkgreen\">5 mg</span></td></tr>\r\n<tr style=\"border: 0px #F0F0F0 solid; padding:0px; vertical-align: top; background-color: #F7F7F7\"><td style=\"vertical-align: top; text-align : left; background-color: #F7F7F7; border: 0px #F0F0F0 solid; padding:0px 4px 0px 4px; white-space: nowrap; background-image: url(tbl_bck10000.png)\" class=\"hierarchy\"><img src=\"tbl_spacer.png\" alt=\".\" style=\"background-color: inherit\" class=\"hierarchy\"/><img src=\"tbl_vline.png\" alt=\".\" style=\"background-color: inherit\" class=\"hierarchy\"/><img src=\"tbl_blank.png\" alt=\".\" style=\"background-color: inherit\" class=\"hierarchy\"/><img src=\"tbl_blank.png\" alt=\".\" style=\"background-color: inherit\" class=\"hierarchy\"/><img src=\"tbl_vjoin_end.png\" alt=\".\" style=\"background-color: inherit\" class=\"hierarchy\"/><img src=\"icon_datatype.gif\" alt=\".\" style=\"background-color: #F7F7F7; background-color: inherit\" title=\"Data Type\" class=\"hierarchy\"/> <a href=\"StructureDefinition-IDMPProductModel-definitions.html#IDMPProductModel.ingredient.referenceStrength.referenceStrengthValue.denominator\" title=\"Strength denominator\">denominator</a><a name=\"IDMPProductModel.ingredient.referenceStrength.referenceStrengthValue.denominator\"> </a></td><td style=\"vertical-align: top; text-align : left; background-color: #F7F7F7; border: 0px #F0F0F0 solid; padding:0px 4px 0px 4px\" class=\"hierarchy\"/><td style=\"vertical-align: top; text-align : left; background-color: #F7F7F7; border: 0px #F0F0F0 solid; padding:0px 4px 0px 4px\" class=\"hierarchy\">1..1</td><td style=\"vertical-align: top; text-align : left; background-color: #F7F7F7; border: 0px #F0F0F0 solid; padding:0px 4px 0px 4px\" class=\"hierarchy\"><a href=\"http://hl7.org/fhir/R4/datatypes.html#SimpleQuantity\" title=\"Quantity\">SimpleQuantity</a></td><td style=\"vertical-align: top; text-align : left; background-color: #F7F7F7; border: 0px #F0F0F0 solid; padding:0px 4px 0px 4px\" class=\"hierarchy\">Strength denominator</td></tr>\r\n<tr style=\"border: 0px #F0F0F0 solid; padding:0px; vertical-align: top; background-color: white\"><td style=\"vertical-align: top; text-align : left; background-color: white; border: 0px #F0F0F0 solid; padding:0px 4px 0px 4px; white-space: nowrap; background-image: url(tbl_bck01.png)\" class=\"hierarchy\"><img src=\"tbl_spacer.png\" alt=\".\" style=\"background-color: inherit\" class=\"hierarchy\"/><img src=\"tbl_vjoin_end.png\" alt=\".\" style=\"background-color: inherit\" class=\"hierarchy\"/><img src=\"icon_datatype.gif\" alt=\".\" style=\"background-color: white; background-color: inherit\" title=\"Data Type\" class=\"hierarchy\"/> <a href=\"StructureDefinition-IDMPProductModel-definitions.html#IDMPProductModel.packaging\" title=\"Packaging\">packaging</a><a name=\"IDMPProductModel.packaging\"> </a></td><td style=\"vertical-align: top; text-align : left; background-color: white; border: 0px #F0F0F0 solid; padding:0px 4px 0px 4px\" class=\"hierarchy\"/><td style=\"vertical-align: top; text-align : left; background-color: white; border: 0px #F0F0F0 solid; padding:0px 4px 0px 4px\" class=\"hierarchy\">0..*</td><td style=\"vertical-align: top; text-align : left; background-color: white; border: 0px #F0F0F0 solid; padding:0px 4px 0px 4px\" class=\"hierarchy\"><a href=\"http://hl7.org/fhir/R4/datatypes.html#BackboneElement\">BackboneElement</a></td><td style=\"vertical-align: top; text-align : left; background-color: white; border: 0px #F0F0F0 solid; padding:0px 4px 0px 4px\" class=\"hierarchy\">Packaging<br/></td></tr>\r\n<tr style=\"border: 0px #F0F0F0 solid; padding:0px; vertical-align: top; background-color: #F7F7F7\"><td style=\"vertical-align: top; text-align : left; background-color: #F7F7F7; border: 0px #F0F0F0 solid; padding:0px 4px 0px 4px; white-space: nowrap; background-image: url(tbl_bck000.png)\" class=\"hierarchy\"><img src=\"tbl_spacer.png\" alt=\".\" style=\"background-color: inherit\" class=\"hierarchy\"/><img src=\"tbl_blank.png\" alt=\".\" style=\"background-color: inherit\" class=\"hierarchy\"/><img src=\"tbl_vjoin_end.png\" alt=\".\" style=\"background-color: inherit\" class=\"hierarchy\"/><img src=\"icon_datatype.gif\" alt=\".\" style=\"background-color: #F7F7F7; background-color: inherit\" title=\"Data Type\" class=\"hierarchy\"/> <a href=\"StructureDefinition-IDMPProductModel-definitions.html#IDMPProductModel.packaging.packageSize\" title=\"Package Size\">packageSize</a><a name=\"IDMPProductModel.packaging.packageSize\"> </a></td><td style=\"vertical-align: top; text-align : left; background-color: #F7F7F7; border: 0px #F0F0F0 solid; padding:0px 4px 0px 4px\" class=\"hierarchy\"/><td style=\"vertical-align: top; text-align : left; background-color: #F7F7F7; border: 0px #F0F0F0 solid; padding:0px 4px 0px 4px\" class=\"hierarchy\">0..1</td><td style=\"vertical-align: top; text-align : left; background-color: #F7F7F7; border: 0px #F0F0F0 solid; padding:0px 4px 0px 4px\" class=\"hierarchy\"><a href=\"http://hl7.org/fhir/R4/datatypes.html#Quantity\">Quantity</a></td><td style=\"vertical-align: top; text-align : left; background-color: #F7F7F7; border: 0px #F0F0F0 solid; padding:0px 4px 0px 4px\" class=\"hierarchy\">Package Size</td></tr>\r\n<tr><td colspan=\"5\" class=\"hierarchy\"><br/><a href=\"http://hl7.org/fhir/R4/formats.html#table\" title=\"Legend for this format\"><img src=\"http://hl7.org/fhir/R4/help16.png\" alt=\"doco\" style=\"background-color: inherit\"/> Documentation for this format</a></td></tr></table></div>"},"url":"http://medigree.net/eu/fhir/medigree/StructureDefinition/IDMPProductModel","version":"1.0.0","name":"IDMPProductModel","title":"IDMPIdentifiableProductModel","status":"active","date":"2022-06-01T15:56:45+00:00","publisher":"My Organization","contact":[{"name":"My Organization","telecom":[{"system":"url","value":"http://example.com/committees"},{"system":"email","value":"my-group@example.com"}]},{"name":"Bob Smith","telecom":[{"system":"email","value":"bobsmith@example.com","use":"work"}]}],"description":"IDMP Identifiable Product Model","jurisdiction":[{"coding":[{"system":"http://unstats.un.org/unsd/methods/m49/m49.htm","code":"001","display":"World"}]}],"fhirVersion":"4.0.1","mapping":[{"identity":"rim","uri":"http://hl7.org/v3","name":"RIM Mapping"}],"kind":"logical","abstract":false,"type":"http://medigree.net/eu/fhir/medigree/StructureDefinition/IDMPProductModel","baseDefinition":"http://hl7.org/fhir/StructureDefinition/Element","derivation":"specialization","snapshot":{"element":[{"id":"IDMPProductModel","path":"IDMPProductModel","short":"IDMPIdentifiableProductModel","definition":"IDMP Identifiable Product Model","min":0,"max":"*","base":{"path":"Element","min":0,"max":"*"},"condition":["ele-1"],"constraint":[{"key":"ele-1","severity":"error","human":"All FHIR elements must have a @value or children","expression":"hasValue() or (children().count() > id.count())","xpath":"@value|f:*|h:div","source":"http://hl7.org/fhir/StructureDefinition/Element"}],"isModifier":false,"mapping":[{"identity":"rim","map":"n/a"}]},{"id":"IDMPProductModel.id","path":"IDMPProductModel.id","representation":["xmlAttr"],"short":"Unique id for inter-element referencing","definition":"Unique id for the element within a resource (for internal references). This may be any string value that does not contain spaces.","min":0,"max":"1","base":{"path":"Element.id","min":0,"max":"1"},"type":[{"extension":[{"url":"http://hl7.org/fhir/StructureDefinition/structuredefinition-fhir-type","valueUrl":"string"}],"code":"http://hl7.org/fhirpath/System.String"}],"isModifier":false,"isSummary":false,"mapping":[{"identity":"rim","map":"n/a"}]},{"id":"IDMPProductModel.extension","path":"IDMPProductModel.extension","slicing":{"discriminator":[{"type":"value","path":"url"}],"description":"Extensions are always sliced by (at least) url","rules":"open"},"short":"Additional content defined by implementations","definition":"May be used to represent additional information that is not part of the basic definition of the element. To make the use of extensions safe and manageable, there is a strict set of governance  applied to the definition and use of extensions. Though any implementer can define an extension, there is a set of requirements that SHALL be met as part of the definition of the extension.","comment":"There can be no stigma associated with the use of extensions by any application, project, or standard - regardless of the institution or jurisdiction that uses or defines the extensions.  The use of extensions is what allows the FHIR specification to retain a core level of simplicity for everyone.","alias":["extensions","user content"],"min":0,"max":"*","base":{"path":"Element.extension","min":0,"max":"*"},"type":[{"code":"Extension"}],"constraint":[{"key":"ele-1","severity":"error","human":"All FHIR elements must have a @value or children","expression":"hasValue() or (children().count() > id.count())","xpath":"@value|f:*|h:div","source":"http://hl7.org/fhir/StructureDefinition/Element"},{"key":"ext-1","severity":"error","human":"Must have either extensions or value[x], not both","expression":"extension.exists() != value.exists()","xpath":"exists(f:extension)!=exists(f:*[starts-with(local-name(.), \"value\")])","source":"http://hl7.org/fhir/StructureDefinition/Extension"}],"isModifier":false,"isSummary":false,"mapping":[{"identity":"rim","map":"n/a"}]},{"id":"IDMPProductModel.name","path":"IDMPProductModel.name","short":"Product Name","definition":"Product Name","min":0,"max":"*","base":{"path":"IDMPProductModel.name","min":0,"max":"*"},"type":[{"code":"BackboneElement"}]},{"id":"IDMPProductModel.name.nameType","path":"IDMPProductModel.name.nameType","short":"Name type","definition":"Name type","min":1,"max":"1","base":{"path":"IDMPProductModel.name.nameType","min":1,"max":"1"},"type":[{"code":"Coding"}]},{"id":"IDMPProductModel.name.name","path":"IDMPProductModel.name.name","short":"Name","definition":"Name","min":0,"max":"1","base":{"path":"IDMPProductModel.name.name","min":0,"max":"1"},"type":[{"code":"string"}]},{"id":"IDMPProductModel.classification","path":"IDMPProductModel.classification","short":"Classification","definition":"Classification","min":0,"max":"*","base":{"path":"IDMPProductModel.classification","min":0,"max":"*"},"type":[{"code":"CodeableConcept"}]},{"id":"IDMPProductModel.identifier","path":"IDMPProductModel.identifier","short":"Identifiers","definition":"Identifiers","min":0,"max":"*","base":{"path":"IDMPProductModel.identifier","min":0,"max":"*"},"type":[{"code":"BackboneElement"}]},{"id":"IDMPProductModel.identifier.pcid","path":"IDMPProductModel.identifier.pcid","short":"IDMP PCID","definition":"IDMP PCID","min":0,"max":"1","base":{"path":"IDMPProductModel.identifier.pcid","min":0,"max":"1"},"type":[{"code":"Identifier"}]},{"id":"IDMPProductModel.identifier.mpid","path":"IDMPProductModel.identifier.mpid","short":"IDMP MPID","definition":"IDMP MPID","min":0,"max":"1","base":{"path":"IDMPProductModel.identifier.mpid","min":0,"max":"1"},"type":[{"code":"Identifier"}]},{"id":"IDMPProductModel.identifier.phpid4","path":"IDMPProductModel.identifier.phpid4","short":"IDMP PhPID Level 4","definition":"IDMP PhPID Level 4","min":0,"max":"1","base":{"path":"IDMPProductModel.identifier.phpid4","min":0,"max":"1"},"type":[{"code":"Identifier"}],"example":[{"label":"(illustrative)","valueString":"0x073AF2E5B92AE19E8B67635AFFB3D6CA"}]},{"id":"IDMPProductModel.identifier.id","path":"IDMPProductModel.identifier.id","short":"Any other identifier","definition":"Any other identifier","min":0,"max":"*","base":{"path":"IDMPProductModel.identifier.id","min":0,"max":"*"},"type":[{"code":"Identifier"}]},{"id":"IDMPProductModel.marketingAuthorizationHolder","path":"IDMPProductModel.marketingAuthorizationHolder","short":"Authorized Dose Form","definition":"Authorized Dose Form","min":0,"max":"1","base":{"path":"IDMPProductModel.marketingAuthorizationHolder","min":0,"max":"1"},"type":[{"code":"CodeableConcept"}]},{"id":"IDMPProductModel.doseForm","path":"IDMPProductModel.doseForm","short":"Authorized Dose Form","definition":"Authorized Dose Form","min":1,"max":"1","base":{"path":"IDMPProductModel.doseForm","min":1,"max":"1"},"type":[{"code":"CodeableConcept"}],"example":[{"label":"(edqm)","valueString":"10210000 capsule, hard"}]},{"id":"IDMPProductModel.unitOfPresentation","path":"IDMPProductModel.unitOfPresentation","short":"Unit of presentation","definition":"Unit of presentation","min":1,"max":"1","base":{"path":"IDMPProductModel.unitOfPresentation","min":1,"max":"1"},"type":[{"code":"CodeableConcept"}],"example":[{"label":"(edqm)","valueString":"15012000 capsule"}]},{"id":"IDMPProductModel.routeOfAdministration","path":"IDMPProductModel.routeOfAdministration","short":"Route of administration","definition":"Route of administration","min":1,"max":"1","base":{"path":"IDMPProductModel.routeOfAdministration","min":1,"max":"1"},"type":[{"code":"CodeableConcept"}]},{"id":"IDMPProductModel.ingredient","path":"IDMPProductModel.ingredient","short":"Ingredient(s) that are part of the product, with therapeutical usage or not","definition":"Ingredient(s) that are part of the product, with therapeutical usage or not","min":1,"max":"*","base":{"path":"IDMPProductModel.ingredient","min":1,"max":"*"},"type":[{"code":"BackboneElement"}]},{"id":"IDMPProductModel.ingredient.substance","path":"IDMPProductModel.ingredient.substance","short":"Codification of the substance","definition":"Codification of the substance","min":1,"max":"1","base":{"path":"IDMPProductModel.ingredient.substance","min":1,"max":"1"},"type":[{"code":"CodeableConcept"}],"example":[{"label":"(illustrative)","valueString":"Amlodipine Besilate"}]},{"id":"IDMPProductModel.ingredient.strength","path":"IDMPProductModel.ingredient.strength","short":"Authorized strength of the substance","definition":"Authorized strength of the substance","min":1,"max":"1","base":{"path":"IDMPProductModel.ingredient.strength","min":1,"max":"1"},"type":[{"code":"BackboneElement"}]},{"id":"IDMPProductModel.ingredient.strength.strengthValue","path":"IDMPProductModel.ingredient.strength.strengthValue","short":"Strength of the substance in this product","definition":"Strength of the substance in this product","min":1,"max":"1","base":{"path":"IDMPProductModel.ingredient.strength.strengthValue","min":1,"max":"1"},"type":[{"code":"BackboneElement"}]},{"id":"IDMPProductModel.ingredient.strength.strengthValue.numerator","path":"IDMPProductModel.ingredient.strength.strengthValue.numerator","short":"Strength numerator","definition":"Strength numerator","min":1,"max":"1","base":{"path":"IDMPProductModel.ingredient.strength.strengthValue.numerator","min":1,"max":"1"},"type":[{"code":"Quantity","profile":["http://hl7.org/fhir/StructureDefinition/SimpleQuantity"]}],"example":[{"label":"(illustrative)","valueString":"5 mg"}]},{"id":"IDMPProductModel.ingredient.strength.strengthValue.denominator","path":"IDMPProductModel.ingredient.strength.strengthValue.denominator","short":"Strength denominator","definition":"Strength denominator","min":1,"max":"1","base":{"path":"IDMPProductModel.ingredient.strength.strengthValue.denominator","min":1,"max":"1"},"type":[{"code":"Quantity","profile":["http://hl7.org/fhir/StructureDefinition/SimpleQuantity"]}]},{"id":"IDMPProductModel.ingredient.referenceStrength","path":"IDMPProductModel.ingredient.referenceStrength","short":"Authorized strength of the substance","definition":"Authorized strength of the substance","min":1,"max":"1","base":{"path":"IDMPProductModel.ingredient.referenceStrength","min":1,"max":"1"},"type":[{"code":"BackboneElement"}]},{"id":"IDMPProductModel.ingredient.referenceStrength.referenceStrengthSubstance","path":"IDMPProductModel.ingredient.referenceStrength.referenceStrengthSubstance","short":"The substance used to determine the strength","definition":"The substance used to determine the strength","min":1,"max":"1","base":{"path":"IDMPProductModel.ingredient.referenceStrength.referenceStrengthSubstance","min":1,"max":"1"},"type":[{"code":"CodeableConcept"}]},{"id":"IDMPProductModel.ingredient.referenceStrength.referenceStrengthValue","path":"IDMPProductModel.ingredient.referenceStrength.referenceStrengthValue","short":"Strength of the substance in this product","definition":"Strength of the substance in this product","min":1,"max":"1","base":{"path":"IDMPProductModel.ingredient.referenceStrength.referenceStrengthValue","min":1,"max":"1"},"type":[{"code":"BackboneElement"}]},{"id":"IDMPProductModel.ingredient.referenceStrength.referenceStrengthValue.numerator","path":"IDMPProductModel.ingredient.referenceStrength.referenceStrengthValue.numerator","short":"Strength numerator","definition":"Strength numerator","min":1,"max":"1","base":{"path":"IDMPProductModel.ingredient.referenceStrength.referenceStrengthValue.numerator","min":1,"max":"1"},"type":[{"code":"Quantity","profile":["http://hl7.org/fhir/StructureDefinition/SimpleQuantity"]}],"example":[{"label":"(illustrative)","valueString":"5 mg"}]},{"id":"IDMPProductModel.ingredient.referenceStrength.referenceStrengthValue.denominator","path":"IDMPProductModel.ingredient.referenceStrength.referenceStrengthValue.denominator","short":"Strength denominator","definition":"Strength denominator","min":1,"max":"1","base":{"path":"IDMPProductModel.ingredient.referenceStrength.referenceStrengthValue.denominator","min":1,"max":"1"},"type":[{"code":"Quantity","profile":["http://hl7.org/fhir/StructureDefinition/SimpleQuantity"]}]},{"id":"IDMPProductModel.packaging","path":"IDMPProductModel.packaging","short":"Packaging","definition":"Packaging","min":0,"max":"*","base":{"path":"IDMPProductModel.packaging","min":0,"max":"*"},"type":[{"code":"BackboneElement"}]},{"id":"IDMPProductModel.packaging.packageSize","path":"IDMPProductModel.packaging.packageSize","short":"Package Size","definition":"Package Size","min":0,"max":"1","base":{"path":"IDMPProductModel.packaging.packageSize","min":0,"max":"1"},"type":[{"code":"Quantity"}]}]},"differential":{"element":[{"id":"IDMPProductModel","path":"IDMPProductModel","short":"IDMPIdentifiableProductModel","definition":"IDMP Identifiable Product Model"},{"id":"IDMPProductModel.name","path":"IDMPProductModel.name","short":"Product Name","definition":"Product Name","min":0,"max":"*","type":[{"code":"BackboneElement"}]},{"id":"IDMPProductModel.name.nameType","path":"IDMPProductModel.name.nameType","short":"Name type","definition":"Name type","min":1,"max":"1","type":[{"code":"Coding"}]},{"id":"IDMPProductModel.name.name","path":"IDMPProductModel.name.name","short":"Name","definition":"Name","min":0,"max":"1","type":[{"code":"string"}]},{"id":"IDMPProductModel.classification","path":"IDMPProductModel.classification","short":"Classification","definition":"Classification","min":0,"max":"*","type":[{"code":"CodeableConcept"}]},{"id":"IDMPProductModel.identifier","path":"IDMPProductModel.identifier","short":"Identifiers","definition":"Identifiers","min":0,"max":"*","type":[{"code":"BackboneElement"}]},{"id":"IDMPProductModel.identifier.pcid","path":"IDMPProductModel.identifier.pcid","short":"IDMP PCID","definition":"IDMP PCID","min":0,"max":"1","type":[{"code":"Identifier"}]},{"id":"IDMPProductModel.identifier.mpid","path":"IDMPProductModel.identifier.mpid","short":"IDMP MPID","definition":"IDMP MPID","min":0,"max":"1","type":[{"code":"Identifier"}]},{"id":"IDMPProductModel.identifier.phpid4","path":"IDMPProductModel.identifier.phpid4","short":"IDMP PhPID Level 4","definition":"IDMP PhPID Level 4","min":0,"max":"1","type":[{"code":"Identifier"}],"example":[{"label":"(illustrative)","valueString":"0x073AF2E5B92AE19E8B67635AFFB3D6CA"}]},{"id":"IDMPProductModel.identifier.id","path":"IDMPProductModel.identifier.id","short":"Any other identifier","definition":"Any other identifier","min":0,"max":"*","type":[{"code":"Identifier"}]},{"id":"IDMPProductModel.marketingAuthorizationHolder","path":"IDMPProductModel.marketingAuthorizationHolder","short":"Authorized Dose Form","definition":"Authorized Dose Form","min":0,"max":"1","type":[{"code":"CodeableConcept"}]},{"id":"IDMPProductModel.doseForm","path":"IDMPProductModel.doseForm","short":"Authorized Dose Form","definition":"Authorized Dose Form","min":1,"max":"1","type":[{"code":"CodeableConcept"}],"example":[{"label":"(edqm)","valueString":"10210000 capsule, hard"}]},{"id":"IDMPProductModel.unitOfPresentation","path":"IDMPProductModel.unitOfPresentation","short":"Unit of presentation","definition":"Unit of presentation","min":1,"max":"1","type":[{"code":"CodeableConcept"}],"example":[{"label":"(edqm)","valueString":"15012000 capsule"}]},{"id":"IDMPProductModel.routeOfAdministration","path":"IDMPProductModel.routeOfAdministration","short":"Route of administration","definition":"Route of administration","min":1,"max":"1","type":[{"code":"CodeableConcept"}]},{"id":"IDMPProductModel.ingredient","path":"IDMPProductModel.ingredient","short":"Ingredient(s) that are part of the product, with therapeutical usage or not","definition":"Ingredient(s) that are part of the product, with therapeutical usage or not","min":1,"max":"*","type":[{"code":"BackboneElement"}]},{"id":"IDMPProductModel.ingredient.substance","path":"IDMPProductModel.ingredient.substance","short":"Codification of the substance","definition":"Codification of the substance","min":1,"max":"1","type":[{"code":"CodeableConcept"}],"example":[{"label":"(illustrative)","valueString":"Amlodipine Besilate"}]},{"id":"IDMPProductModel.ingredient.strength","path":"IDMPProductModel.ingredient.strength","short":"Authorized strength of the substance","definition":"Authorized strength of the substance","min":1,"max":"1","type":[{"code":"BackboneElement"}]},{"id":"IDMPProductModel.ingredient.strength.strengthValue","path":"IDMPProductModel.ingredient.strength.strengthValue","short":"Strength of the substance in this product","definition":"Strength of the substance in this product","min":1,"max":"1","type":[{"code":"BackboneElement"}]},{"id":"IDMPProductModel.ingredient.strength.strengthValue.numerator","path":"IDMPProductModel.ingredient.strength.strengthValue.numerator","short":"Strength numerator","definition":"Strength numerator","min":1,"max":"1","type":[{"code":"Quantity","profile":["http://hl7.org/fhir/StructureDefinition/SimpleQuantity"]}],"example":[{"label":"(illustrative)","valueString":"5 mg"}]},{"id":"IDMPProductModel.ingredient.strength.strengthValue.denominator","path":"IDMPProductModel.ingredient.strength.strengthValue.denominator","short":"Strength denominator","definition":"Strength denominator","min":1,"max":"1","type":[{"code":"Quantity","profile":["http://hl7.org/fhir/StructureDefinition/SimpleQuantity"]}]},{"id":"IDMPProductModel.ingredient.referenceStrength","path":"IDMPProductModel.ingredient.referenceStrength","short":"Authorized strength of the substance","definition":"Authorized strength of the substance","min":1,"max":"1","type":[{"code":"BackboneElement"}]},{"id":"IDMPProductModel.ingredient.referenceStrength.referenceStrengthSubstance","path":"IDMPProductModel.ingredient.referenceStrength.referenceStrengthSubstance","short":"The substance used to determine the strength","definition":"The substance used to determine the strength","min":1,"max":"1","type":[{"code":"CodeableConcept"}]},{"id":"IDMPProductModel.ingredient.referenceStrength.referenceStrengthValue","path":"IDMPProductModel.ingredient.referenceStrength.referenceStrengthValue","short":"Strength of the substance in this product","definition":"Strength of the substance in this product","min":1,"max":"1","type":[{"code":"BackboneElement"}]},{"id":"IDMPProductModel.ingredient.referenceStrength.referenceStrengthValue.numerator","path":"IDMPProductModel.ingredient.referenceStrength.referenceStrengthValue.numerator","short":"Strength numerator","definition":"Strength numerator","min":1,"max":"1","type":[{"code":"Quantity","profile":["http://hl7.org/fhir/StructureDefinition/SimpleQuantity"]}],"example":[{"label":"(illustrative)","valueString":"5 mg"}]},{"id":"IDMPProductModel.ingredient.referenceStrength.referenceStrengthValue.denominator","path":"IDMPProductModel.ingredient.referenceStrength.referenceStrengthValue.denominator","short":"Strength denominator","definition":"Strength denominator","min":1,"max":"1","type":[{"code":"Quantity","profile":["http://hl7.org/fhir/StructureDefinition/SimpleQuantity"]}]},{"id":"IDMPProductModel.packaging","path":"IDMPProductModel.packaging","short":"Packaging","definition":"Packaging","min":0,"max":"*","type":[{"code":"BackboneElement"}]},{"id":"IDMPProductModel.packaging.packageSize","path":"IDMPProductModel.packaging.packageSize","short":"Package Size","definition":"Package Size","min":0,"max":"1","type":[{"code":"Quantity"}]}]}}