{"resourceType":"ValueSet","id":"BoSS-vs","text":{"status":"generated","div":"<div xmlns=\"http://www.w3.org/1999/xhtml\"><ul><li>Include all codes defined in <a href=\"CodeSystem-BoSS-cs.html\"><code>http://medigree.net/eu/fhir/medigree/CodeSystem/BoSS-cs</code></a></li></ul></div>"},"url":"http://medigree.net/eu/fhir/medigree/ValueSet/BoSS-vs","version":"1.0.0","name":"BoSSVS","title":"BoSS - Basis of Substance Strength options","status":"active","date":"2022-06-08T14:01:48+00:00","publisher":"My Organization","contact":[{"name":"My Organization","telecom":[{"system":"url","value":"http://example.com/committees"},{"system":"email","value":"my-group@example.com"}]},{"name":"Bob Smith","telecom":[{"system":"email","value":"bobsmith@example.com","use":"work"}]}],"jurisdiction":[{"coding":[{"system":"http://unstats.un.org/unsd/methods/m49/m49.htm","code":"001","display":"World"}]}],"compose":{"include":[{"system":"http://medigree.net/eu/fhir/medigree/CodeSystem/BoSS-cs"}]}}