<?xml version="1.0" encoding="UTF-8"?>

<MedicationKnowledge xmlns="http://hl7.org/fhir">
  <id value="be-ampp-148303-02"/>
  <meta>
    <profile value="http://medigree.net/eu/fhir/medigree/StructureDefinition/BEIdentifiableProduct"/>
  </meta>
  <text>
    <status value="generated"/><div xmlns="http://www.w3.org/1999/xhtml"><p><b>Generated Narrative</b></p><div style="display: inline-block; background-color: #d9e0e7; padding: 6px; margin: 4px; border: 1px solid #8da1b4; border-radius: 5px; line-height: 60%"><p style="margin-bottom: 0px">Resource "be-ampp-148303-02" </p><p style="margin-bottom: 0px">Profile: <a href="StructureDefinition-BEIdentifiableProduct.html">BE Identifiable Product Profile</a></p></div><p><b style="color: maroon">Exception generating Narrative: unknown extension http://hl7.org/fhir/StructureDefinition/artifact-jurisdiction</b></p></div>
  </text>
  <extension url="http://hl7.org/fhir/StructureDefinition/artifact-jurisdiction">
    <valueCodeableConcept>
      <coding>
        <system value="urn:iso:std:iso:3166"/>
        <code value="BE"/>
      </coding>
    </valueCodeableConcept>
  </extension>
  <code>
    <coding>
      <system value="http://www.medigree.net/identifiable-product-identifier-type"/>
      <code value="148303-02"/>
      <display value="Amlor harde caps. 100 x 10 mg"/>
    </coding>
  </code>
  <manufacturer>
    <display value="Upjohn"/>
  </manufacturer>
  <doseForm>
    <coding>
      <system value="http://www.edqm.eu/dose-forms"/>
      <code value="10210000"/>
      <display value="Capsule, hard"/>
    </coding>
    <coding>
      <system value="http://www.belgium.be/dose-forms"/>
      <display value="# harde caps."/>
    </coding>
  </doseForm>
  <synonym value="Amlor harde caps. 100 x 10 mg"/>
  <ingredient>
    <itemCodeableConcept>
      <text value="amlodipine besilaat"/>
    </itemCodeableConcept>
    <strength>
      <numerator>
        <value value="10"/>
        <system value="http://unitsofmeasure.org"/>
        <code value="mg"/>
      </numerator>
      <denominator>
        <value value="1"/>
        <system value="http://unitsofmeasure.org"/>
        <code value="U"/>
      </denominator>
    </strength>
  </ingredient>
  <intendedRoute>
    <coding>
      <system value="http://www.edqm.eu/routes"/>
      <code value="20053000"/>
    </coding>
  </intendedRoute>
  <medicineClassification>
    <type>
      <coding>
        <system value="http://www.medigree.net/classifications"/>
        <code value="atc"/>
      </coding>
    </type>
    <classification>
      <coding>
        <system value="http://www.who.no/atc"/>
        <code value="C08CA01"/>
      </coding>
    </classification>
  </medicineClassification>
  <packaging>
    <quantity>
      <value value="20"/>
    </quantity>
  </packaging>
</MedicationKnowledge>