"Id","Path","Slice Name","Alias(s)","Label","Min","Max","Must Support?","Is Modifier?","Is Summary?","Type(s)","Short","Definition","Comments","Requirements","Default Value","Meaning When Missing","Fixed Value","Pattern","Example","Minimum Value","Maximum Value","Maximum Length","Binding Strength","Binding Description","Binding Value Set","Code","Slicing Discriminator","Slicing Description","Slicing Ordered","Slicing Rules","Base Path","Base Min","Base Max","Condition(s)","Constraint(s)","Mapping: RIM Mapping"
"BEVMPModel","BEVMPModel","","","",0,*,"","","","","BE VMP logical model","Belgium VMP logical model","","","","","","","","","",,,,,"",,,,"Element",0,*,"ele-1
","","n/a"
"BEVMPModel.id","BEVMPModel.id","","","",0,1,"","","","string {[]} {[]}
","Unique id for inter-element referencing","Unique id for the element within a resource (for internal references). This may be any string value that does not contain spaces.","","","","","","","","","",,,,,"",,,,"Element.id",0,1,"","","n/a"
"BEVMPModel.extension","BEVMPModel.extension","","extensions
user content","",0,*,"","","","Extension {[]} {[]}
","Additional content defined by implementations","May be used to represent additional information that is not part of the basic definition of the element. To make the use of extensions safe and manageable, there is a strict set of governance  applied to the definition and use of extensions. Though any implementer can define an extension, there is a set of requirements that SHALL be met as part of the definition of the extension.","There can be no stigma associated with the use of extensions by any application, project, or standard - regardless of the institution or jurisdiction that uses or defines the extensions.  The use of extensions is what allows the FHIR specification to retain a core level of simplicity for everyone.","","","","","","","","",,,,,"","value:url}
","Extensions are always sliced by (at least) url",,"open","Element.extension",0,*,"","ele-1:All FHIR elements must have a @value or children {hasValue() or (children().count() > id.count())}
ext-1:Must have either extensions or value[x], not both {extension.exists() != value.exists()}","n/a"
"BEVMPModel.identifier","BEVMPModel.identifier","","","",0,*,"","","","Identifier {[]} {[]}
","Business identifier for this medication","Business identifier for this medication","","","","","","","","","",,,,,"",,,,"BEVMPModel.identifier",0,*,"",""
"BEVMPModel.component","BEVMPModel.component","","","",1,*,"","","","BackboneElement {[]} {[]}
","Components of the product, with therapeutical relevance or not","Components of the product, with therapeutical relevance or not","","","","","","","","","",,,,,"",,,,"BEVMPModel.component",1,*,"",""
"BEVMPModel.component.virtualIngredient","BEVMPModel.component.virtualIngredient","","","",1,1,"","","","CodeableConcept {[]} {[]}
","Codification of the substance","Codification of the substance","","","","","","","","","",,,,,"",,,,"BEVMPModel.component.virtualIngredient",1,1,"",""
"BEVMPModel.component.role","BEVMPModel.component.role","","","",1,1,"","","","CodeableConcept {[]} {[]}
","Role the substance has in this product (active principle, excipient, ...)","Role the substance has in this product (active principle, excipient, ...)","","","","","","","","","",,,,,"",,,,"BEVMPModel.component.role",1,1,"",""
"BEVMPModel.component.strength","BEVMPModel.component.strength","","","",1,1,"","","","Quantity {[]} {[]}
","Strength of the substance in this product","Strength of the substance in this product","","","","","","","","","",,,,,"",,,,"BEVMPModel.component.strength",1,1,"",""
"BEVMPModel.VMPGroup","BEVMPModel.VMPGroup","","","",1,*,"","","","Reference {[]} {[]}
","Business identifier for this medication","Business identifier for this medication","","","","","","","","","",,,,,"",,,,"BEVMPModel.VMPGroup",1,*,"",""
"BEVMPModel.routeOfAdministration","BEVMPModel.routeOfAdministration","","","",1,*,"","","","CodeableConcept {[]} {[]}
","The approved route of administration","The approved route of administration","","","","","","","","","",,,,,"",,,,"BEVMPModel.routeOfAdministration",1,*,"",""
"BEVMPModel.virtualDoseForm","BEVMPModel.virtualDoseForm","","","",1,1,"","","","CodeableConcept {[]} {[]}
","Dose form of the product - tablet, powder, solution...","Dose form of the product - tablet, powder, solution...","","","","","","","","","",,,,,"",,,,"BEVMPModel.virtualDoseForm",1,1,"",""
