"Id","Path","Slice Name","Alias(s)","Label","Min","Max","Must Support?","Is Modifier?","Is Summary?","Type(s)","Short","Definition","Comments","Requirements","Default Value","Meaning When Missing","Fixed Value","Pattern","Example","Minimum Value","Maximum Value","Maximum Length","Binding Strength","Binding Description","Binding Value Set","Code","Slicing Discriminator","Slicing Description","Slicing Ordered","Slicing Rules","Base Path","Base Min","Base Max","Condition(s)","Constraint(s)","Mapping: RIM Mapping"
"BEVMPModel","BEVMPModel","","","",0,*,"","","","","BE VMP logical model","Belgium VMP logical model","","","","","","","","","",,,,,"",,,,"Base",0,*,"",""
"BEVMPModel.identifier","BEVMPModel.identifier","","","",0,*,"","","","Identifier {[]} {[]}
","Business identifier for this medication","Business identifier for this medication","","","","","","","","","",,,,,"",,,,"BEVMPModel.identifier",0,*,"",""
"BEVMPModel.component","BEVMPModel.component","","","",1,*,"","","","BackboneElement {[]} {[]}
","Components of the product, with therapeutical relevance or not","Components of the product, with therapeutical relevance or not","","","","","","","","","",,,,,"",,,,"BEVMPModel.component",1,*,"",""
"BEVMPModel.component.virtualIngredient","BEVMPModel.component.virtualIngredient","","","",1,1,"","","","CodeableConcept {[]} {[]}
","Codification of the substance","Codification of the substance","","","","","","","","","",,,,,"",,,,"BEVMPModel.component.virtualIngredient",1,1,"",""
"BEVMPModel.component.role","BEVMPModel.component.role","","","",1,1,"","","","CodeableConcept {[]} {[]}
","Role the substance has in this product (active principle, excipient, ...)","Role the substance has in this product (active principle, excipient, ...)","","","","","","","","","",,,,,"",,,,"BEVMPModel.component.role",1,1,"",""
"BEVMPModel.component.strength","BEVMPModel.component.strength","","","",1,1,"","","","Quantity {[]} {[]}
","Strength of the substance in this product","Strength of the substance in this product","","","","","","","","","",,,,,"",,,,"BEVMPModel.component.strength",1,1,"",""
"BEVMPModel.VMPGroup","BEVMPModel.VMPGroup","","","",1,*,"","","","Reference {[]} {[]}
","Business identifier for this medication","Business identifier for this medication","","","","","","","","","",,,,,"",,,,"BEVMPModel.VMPGroup",1,*,"",""
"BEVMPModel.routeOfAdministration","BEVMPModel.routeOfAdministration","","","",1,*,"","","","CodeableConcept {[]} {[]}
","The approved route of administration","The approved route of administration","","","","","","","","","",,,,,"",,,,"BEVMPModel.routeOfAdministration",1,*,"",""
"BEVMPModel.virtualDoseForm","BEVMPModel.virtualDoseForm","","","",1,1,"","","","CodeableConcept {[]} {[]}
","Dose form of the product - tablet, powder, solution...","Dose form of the product - tablet, powder, solution...","","","","","","","","","",,,,,"",,,,"BEVMPModel.virtualDoseForm",1,1,"",""
