"Id","Path","Slice Name","Alias(s)","Label","Min","Max","Must Support?","Is Modifier?","Is Summary?","Type(s)","Short","Definition","Comments","Requirements","Default Value","Meaning When Missing","Fixed Value","Pattern","Example","Minimum Value","Maximum Value","Maximum Length","Binding Strength","Binding Description","Binding Value Set","Code","Slicing Discriminator","Slicing Description","Slicing Ordered","Slicing Rules","Base Path","Base Min","Base Max","Condition(s)","Constraint(s)","Mapping: RIM Mapping"
"IDMPPhPModel","IDMPPhPModel","","","",0,*,"","","","","IDMP Pharmaceutical Product logical model","IDMP Pharmaceutical Product logical model","","","","","","","","","",,,,,"",,,,"Element",0,*,"ele-1
","","n/a"
"IDMPPhPModel.id","IDMPPhPModel.id","","","",0,1,"","","","string {[]} {[]}
","Unique id for inter-element referencing","Unique id for the element within a resource (for internal references). This may be any string value that does not contain spaces.","","","","","","","","","",,,,,"",,,,"Element.id",0,1,"","","n/a"
"IDMPPhPModel.extension","IDMPPhPModel.extension","","extensions
user content","",0,*,"","","","Extension {[]} {[]}
","Additional content defined by implementations","May be used to represent additional information that is not part of the basic definition of the element. To make the use of extensions safe and manageable, there is a strict set of governance  applied to the definition and use of extensions. Though any implementer can define an extension, there is a set of requirements that SHALL be met as part of the definition of the extension.","There can be no stigma associated with the use of extensions by any application, project, or standard - regardless of the institution or jurisdiction that uses or defines the extensions.  The use of extensions is what allows the FHIR specification to retain a core level of simplicity for everyone.","","","","","","","","",,,,,"","value:url}
","Extensions are always sliced by (at least) url",,"open","Element.extension",0,*,"","ele-1:All FHIR elements must have a @value or children {hasValue() or (children().count() > id.count())}
ext-1:Must have either extensions or value[x], not both {extension.exists() != value.exists()}","n/a"
"IDMPPhPModel.identifier","IDMPPhPModel.identifier","","","",0,*,"","","","BackboneElement {[]} {[]}
","Identifiers","Identifiers","","","","","","","","","",,,,,"",,,,"IDMPPhPModel.identifier",0,*,"",""
"IDMPPhPModel.identifier.l1-identifier","IDMPPhPModel.identifier.l1_identifier","","","",0,1,"","","","Identifier {[]} {[]}
","IDMP PhPID Level 1","IDMP PhPID Level 1","","","","","","","","","",,,,,"",,,,"IDMPPhPModel.identifier.l1_identifier",0,1,"",""
"IDMPPhPModel.identifier.l2-identifier","IDMPPhPModel.identifier.l2_identifier","","","",0,1,"","","","Identifier {[]} {[]}
","IDMP PhPID Level 2","IDMP PhPID Level 2","","","","","","","","","",,,,,"",,,,"IDMPPhPModel.identifier.l2_identifier",0,1,"",""
"IDMPPhPModel.identifier.l3-identifier","IDMPPhPModel.identifier.l3_identifier","","","",0,1,"","","","Identifier {[]} {[]}
","IDMP PhPID Level 3","IDMP PhPID Level 3","","","","","","","","","",,,,,"",,,,"IDMPPhPModel.identifier.l3_identifier",0,1,"",""
"IDMPPhPModel.identifier.l4-identifier","IDMPPhPModel.identifier.l4_identifier","","","",0,1,"","","","Identifier {[]} {[]}
","IDMP PhPID Level 4","IDMP PhPID Level 4","","","","","","","<valueString xmlns=""http://hl7.org/fhir"" value=""0x073AF2E5B92AE19E8B67635AFFB3D6CA""/>","","",,,,,"",,,,"IDMPPhPModel.identifier.l4_identifier",0,1,"",""
"IDMPPhPModel.ingredient","IDMPPhPModel.ingredient","","","",1,*,"","","","BackboneElement {[]} {[]}
","Ingredient(s) that are part of the product, with therapeutical usage or not","Ingredient(s) that are part of the product, with therapeutical usage or not","","","","","","","","","",,,,,"",,,,"IDMPPhPModel.ingredient",1,*,"",""
"IDMPPhPModel.ingredient.substance","IDMPPhPModel.ingredient.substance","","","",1,1,"","","","CodeableConcept {[]} {[]}
","Codification of the substance","Codification of the substance","","","","","","","<valueString xmlns=""http://hl7.org/fhir"" value=""Amlodipine Besilate""/>","","",,,,,"",,,,"IDMPPhPModel.ingredient.substance",1,1,"",""
"IDMPPhPModel.ingredient.strength","IDMPPhPModel.ingredient.strength","","","",1,1,"","","","BackboneElement {[]} {[]}
","Authorized strength of the substance","Authorized strength of the substance","","","","","","","","","",,,,,"",,,,"IDMPPhPModel.ingredient.strength",1,1,"",""
"IDMPPhPModel.ingredient.strength.strengthValue","IDMPPhPModel.ingredient.strength.strengthValue","","","",1,1,"","","","BackboneElement {[]} {[]}
","Strength of the substance in this product","Strength of the substance in this product","","","","","","","","","",,,,,"",,,,"IDMPPhPModel.ingredient.strength.strengthValue",1,1,"",""
"IDMPPhPModel.ingredient.strength.strengthValue.numerator","IDMPPhPModel.ingredient.strength.strengthValue.numerator","","","",1,1,"","","","Quantity {[CanonicalType[http://hl7.org/fhir/StructureDefinition/SimpleQuantity]]} {[]}
","Strength numerator","Strength numerator","","","","","","","<valueString xmlns=""http://hl7.org/fhir"" value=""5 mg""/>","","",,,,,"",,,,"IDMPPhPModel.ingredient.strength.strengthValue.numerator",1,1,"",""
"IDMPPhPModel.ingredient.strength.strengthValue.denominator","IDMPPhPModel.ingredient.strength.strengthValue.denominator","","","",1,1,"","","","Quantity {[CanonicalType[http://hl7.org/fhir/StructureDefinition/SimpleQuantity]]} {[]}
","Strength denominator","Strength denominator","","","","","","","","","",,,,,"",,,,"IDMPPhPModel.ingredient.strength.strengthValue.denominator",1,1,"",""
"IDMPPhPModel.ingredient.strength.boss","IDMPPhPModel.ingredient.strength.boss","","","",1,1,"","","","code {[]} {[]}
","base | base-modifier | ref-substance","basis of substance strength","not needed from countries, will be looked up by substance","","","","","","","","",,"required","","http://medigree.net/eu/fhir/mpd/ValueSet/BoSS-vs","",,,,"IDMPPhPModel.ingredient.strength.boss",1,1,"",""
"IDMPPhPModel.ingredient.strength.pattern","IDMPPhPModel.ingredient.strength.pattern","","","",1,1,"","","","code {[]} {[]}
","oral-solid | injectable","oral-solid | injectable","not needed from countries, will be looked up by dose form","","","","","","","","",,"required","","http://medigree.net/eu/fhir/mpd/ValueSet/Pattern-vs","",,,,"IDMPPhPModel.ingredient.strength.pattern",1,1,"",""
"IDMPPhPModel.ingredient.strength.concentration-presentation","IDMPPhPModel.ingredient.strength.concentration_presentation","","","",1,1,"","","","code {[]} {[]}
","concentration | presentation","concentration | presentation","not needed from countries, will be looked up by dose form","","","","","","","","",,"required","","http://medigree.net/eu/fhir/mpd/ValueSet/ConcPres-vs","",,,,"IDMPPhPModel.ingredient.strength.concentration_presentation",1,1,"",""
"IDMPPhPModel.ingredient.strength.unit-of-presentation","IDMPPhPModel.ingredient.strength.unit_of_presentation","","","",0,1,"","","","CodeableConcept {[]} {[]}
","unit of presentation if strength is by presentation","unit of presentation is strength is by presentation","not needed from countries, will be looked up by dose form","","","","","","<valueString xmlns=""http://hl7.org/fhir"" value=""10210000 capsule, hard""/>","","",,,,,"",,,,"IDMPPhPModel.ingredient.strength.unit_of_presentation",0,1,"",""
"IDMPPhPModel.ingredient.doseForm","IDMPPhPModel.ingredient.doseForm","","","",1,1,"","","","CodeableConcept {[]} {[]}
","Authorized Dose Form","Authorized Dose Form","","","","","","","<valueString xmlns=""http://hl7.org/fhir"" value=""10210000 capsule, hard""/>","","",,,,,"",,,,"IDMPPhPModel.ingredient.doseForm",1,1,"",""
