{"resourceType":"CodeSystem","id":"ConcPres-cs","text":{"status":"generated","div":"<div xmlns=\"http://www.w3.org/1999/xhtml\"><p>This code system http://medigree.net/eu/fhir/medigree/CodeSystem/ConcPres-cs defines the following codes:</p><table class=\"codes\"><tr><td style=\"white-space:nowrap\"><b>Code</b></td><td><b>Display</b></td><td><b>Definition</b></td></tr><tr><td style=\"white-space:nowrap\">concentration<a name=\"ConcPres-cs-concentration\"> </a></td><td>Concentration</td><td>Concentration</td></tr><tr><td style=\"white-space:nowrap\">presentation<a name=\"ConcPres-cs-presentation\"> </a></td><td>Presentation</td><td>Presentation</td></tr></table></div>"},"url":"http://medigree.net/eu/fhir/medigree/CodeSystem/ConcPres-cs","version":"1.0.0","name":"ConcPresCS","title":"Concentration or Presentation Code System","status":"active","date":"2022-05-29T08:21:05+00:00","publisher":"My Organization","contact":[{"name":"My Organization","telecom":[{"system":"url","value":"http://example.com/committees"},{"system":"email","value":"my-group@example.com"}]},{"name":"Bob Smith","telecom":[{"system":"email","value":"bobsmith@example.com","use":"work"}]}],"jurisdiction":[{"coding":[{"system":"http://unstats.un.org/unsd/methods/m49/m49.htm","code":"001","display":"World"}]}],"content":"complete","count":2,"concept":[{"code":"concentration","display":"Concentration","definition":"Concentration"},{"code":"presentation","display":"Presentation","definition":"Presentation"}]}