{"resourceType":"CodeSystem","id":"dose-form-ontology-cs","text":{"status":"generated","div":"<div xmlns=\"http://www.w3.org/1999/xhtml\"><p>This code system <code>http://medigree.net/eu/fhir/mpd/CodeSystem/dose-form-ontology-cs</code> defines the following codes:</p><table class=\"codes\"><tr><td><b>Lvl</b></td><td style=\"white-space:nowrap\"><b>Code</b></td><td><b>Display</b></td><td><b>Definition</b></td></tr><tr><td>1</td><td style=\"white-space:nowrap\">20053000<a name=\"dose-form-ontology-cs-20053000\"> </a></td><td>Oral use</td><td>Oral Use</td></tr><tr><td>2</td><td style=\"white-space:nowrap\">  10220XXX<a name=\"dose-form-ontology-cs-10220XXX\"> </a></td><td>Capsule</td><td>Capsule</td></tr><tr><td>2</td><td style=\"white-space:nowrap\">  10220000<a name=\"dose-form-ontology-cs-10220000\"> </a></td><td>Tablet</td><td>Tablet</td></tr><tr><td>3</td><td style=\"white-space:nowrap\">    10318000<a name=\"dose-form-ontology-cs-10318000\"> </a></td><td>Sublingual tablet</td><td>Sublingual tablet</td></tr></table><p><b>Additional Language Displays</b></p><table class=\"codes\"><tr><td><b>Code</b></td><td><b>English (English, en)</b></td><td><b>French (Belgium) (fr)</b></td><td><b>Nederlands (België) (Dutch (Belgium), nl)</b></td></tr><tr><td>20053000</td><td>Oral use</td><td>Voie orale</td><td>Oraal gebruik</td></tr></table></div>"},"url":"http://medigree.net/eu/fhir/mpd/CodeSystem/dose-form-ontology-cs","version":"1.0.0","name":"DoseFormOntologyCS","title":"Dose Form Ontology Code System","status":"active","date":"2022-10-08T09:43:24+00:00","publisher":"My Organization","contact":[{"name":"My Organization","telecom":[{"system":"url","value":"http://example.com/committees"},{"system":"email","value":"my-group@example.com"}]},{"name":"Bob Smith","telecom":[{"system":"email","value":"bobsmith@example.com","use":"work"}]}],"jurisdiction":[{"coding":[{"system":"http://unstats.un.org/unsd/methods/m49/m49.htm","code":"001","display":"World"}]}],"hierarchyMeaning":"is-a","content":"complete","count":4,"concept":[{"code":"20053000","display":"Oral use","definition":"Oral Use","designation":[{"language":"en","value":"Oral use"},{"language":"nl-BE","value":"Oraal gebruik"},{"language":"fr-BE","value":"Voie orale"}],"concept":[{"code":"10220XXX","display":"Capsule","definition":"Capsule","designation":[{"language":"en","value":"Capsule"},{"language":"nl-BE","value":"X"},{"language":"fr-BE","value":"Y"}]},{"code":"10220000","display":"Tablet","definition":"Tablet","designation":[{"language":"en","value":"Tablet"},{"language":"nl-BE","value":"X"},{"language":"fr-BE","value":"Y"}],"concept":[{"code":"10318000","display":"Sublingual tablet","definition":"Sublingual tablet","designation":[{"language":"en","value":"Sublingual tablet"}]}]}]}]}