{"resourceType":"StructureDefinition","id":"IDMPPhPModel","text":{"status":"extensions","div":"<div xmlns=\"http://www.w3.org/1999/xhtml\"><table border=\"0\" cellpadding=\"0\" cellspacing=\"0\" style=\"border: 0px #F0F0F0 solid; font-size: 11px; font-family: verdana; vertical-align: top;\"><tr style=\"border: 1px #F0F0F0 solid; font-size: 11px; font-family: verdana; vertical-align: top\"><th style=\"vertical-align: top; text-align : left; background-color: white; border: 0px #F0F0F0 solid; padding:0px 4px 0px 4px\" class=\"hierarchy\"><a href=\"http://hl7.org/fhir/R4/formats.html#table\" title=\"The logical name of the element\">Name</a></th><th style=\"vertical-align: top; text-align : left; background-color: white; border: 0px #F0F0F0 solid; padding:0px 4px 0px 4px\" class=\"hierarchy\"><a href=\"http://hl7.org/fhir/R4/formats.html#table\" title=\"Information about the use of the element\">Flags</a></th><th style=\"vertical-align: top; text-align : left; background-color: white; border: 0px #F0F0F0 solid; padding:0px 4px 0px 4px\" class=\"hierarchy\"><a href=\"http://hl7.org/fhir/R4/formats.html#table\" title=\"Minimum and Maximum # of times the the element can appear in the instance\">Card.</a></th><th style=\"width: 100px\" class=\"hierarchy\"><a href=\"http://hl7.org/fhir/R4/formats.html#table\" title=\"Reference to the type of the element\">Type</a></th><th style=\"vertical-align: top; text-align : left; background-color: white; border: 0px #F0F0F0 solid; padding:0px 4px 0px 4px\" class=\"hierarchy\"><a href=\"http://hl7.org/fhir/R4/formats.html#table\" title=\"Additional information about the element\">Description &amp; Constraints</a><span style=\"float: right\"><a href=\"http://hl7.org/fhir/R4/formats.html#table\" title=\"Legend for this format\"><img src=\"http://hl7.org/fhir/R4/help16.png\" alt=\"doco\" style=\"background-color: inherit\"/></a></span></th></tr><tr style=\"border: 0px #F0F0F0 solid; padding:0px; vertical-align: top; background-color: white\"><td style=\"vertical-align: top; text-align : left; background-color: white; border: 0px #F0F0F0 solid; padding:0px 4px 0px 4px; white-space: nowrap; background-image: url(tbl_bck1.png)\" class=\"hierarchy\"><img src=\"tbl_spacer.png\" alt=\".\" style=\"background-color: inherit\" class=\"hierarchy\"/><img src=\"icon_element.gif\" alt=\".\" style=\"background-color: white; background-color: inherit\" title=\"Element\" class=\"hierarchy\"/> <a href=\"StructureDefinition-IDMPPhPModel-definitions.html#IDMPPhPModel\" title=\"IDMP Pharmaceutical Product logical model\">IDMPPhPModel</a><a name=\"IDMPPhPModel\"> </a></td><td style=\"vertical-align: top; text-align : left; background-color: white; border: 0px #F0F0F0 solid; padding:0px 4px 0px 4px\" class=\"hierarchy\"/><td style=\"vertical-align: top; text-align : left; background-color: white; border: 0px #F0F0F0 solid; padding:0px 4px 0px 4px\" class=\"hierarchy\"><span style=\"opacity: 0.5\">0</span><span style=\"opacity: 0.5\">..</span><span style=\"opacity: 0.5\">*</span></td><td style=\"vertical-align: top; text-align : left; background-color: white; border: 0px #F0F0F0 solid; padding:0px 4px 0px 4px\" class=\"hierarchy\"><a href=\"http://hl7.org/fhir/R4/datatypes.html#Element\">Element</a></td><td style=\"vertical-align: top; text-align : left; background-color: white; border: 0px #F0F0F0 solid; padding:0px 4px 0px 4px\" class=\"hierarchy\">IDMP Pharmaceutical Product logical model</td></tr>\r\n<tr style=\"border: 0px #F0F0F0 solid; padding:0px; vertical-align: top; background-color: #F7F7F7\"><td style=\"vertical-align: top; text-align : left; background-color: #F7F7F7; border: 0px #F0F0F0 solid; padding:0px 4px 0px 4px; white-space: nowrap; background-image: url(tbl_bck11.png)\" class=\"hierarchy\"><img src=\"tbl_spacer.png\" alt=\".\" style=\"background-color: inherit\" class=\"hierarchy\"/><img src=\"tbl_vjoin.png\" alt=\".\" style=\"background-color: inherit\" class=\"hierarchy\"/><img src=\"icon_datatype.gif\" alt=\".\" style=\"background-color: #F7F7F7; background-color: inherit\" title=\"Data Type\" class=\"hierarchy\"/> <a href=\"StructureDefinition-IDMPPhPModel-definitions.html#IDMPPhPModel.identifier\" title=\"Identifiers\">identifier</a><a name=\"IDMPPhPModel.identifier\"> </a></td><td style=\"vertical-align: top; text-align : left; background-color: #F7F7F7; border: 0px #F0F0F0 solid; padding:0px 4px 0px 4px\" class=\"hierarchy\"/><td style=\"vertical-align: top; text-align : left; background-color: #F7F7F7; border: 0px #F0F0F0 solid; padding:0px 4px 0px 4px\" class=\"hierarchy\">0..*</td><td style=\"vertical-align: top; text-align : left; background-color: #F7F7F7; border: 0px #F0F0F0 solid; padding:0px 4px 0px 4px\" class=\"hierarchy\"><a href=\"http://hl7.org/fhir/R4/datatypes.html#BackboneElement\">BackboneElement</a></td><td style=\"vertical-align: top; text-align : left; background-color: #F7F7F7; border: 0px #F0F0F0 solid; padding:0px 4px 0px 4px\" class=\"hierarchy\">Identifiers<br/></td></tr>\r\n<tr style=\"border: 0px #F0F0F0 solid; padding:0px; vertical-align: top; background-color: white\"><td style=\"vertical-align: top; text-align : left; background-color: white; border: 0px #F0F0F0 solid; padding:0px 4px 0px 4px; white-space: nowrap; background-image: url(tbl_bck110.png)\" class=\"hierarchy\"><img src=\"tbl_spacer.png\" alt=\".\" style=\"background-color: inherit\" class=\"hierarchy\"/><img src=\"tbl_vline.png\" alt=\".\" style=\"background-color: inherit\" class=\"hierarchy\"/><img src=\"tbl_vjoin.png\" alt=\".\" style=\"background-color: inherit\" class=\"hierarchy\"/><img src=\"icon_datatype.gif\" alt=\".\" style=\"background-color: white; background-color: inherit\" title=\"Data Type\" class=\"hierarchy\"/> <a href=\"StructureDefinition-IDMPPhPModel-definitions.html#IDMPPhPModel.identifier.l1-identifier\" title=\"IDMP PhPID Level 1\">l1_identifier</a><a name=\"IDMPPhPModel.identifier.l1_identifier\"> </a></td><td style=\"vertical-align: top; text-align : left; background-color: white; border: 0px #F0F0F0 solid; padding:0px 4px 0px 4px\" class=\"hierarchy\"/><td style=\"vertical-align: top; text-align : left; background-color: white; border: 0px #F0F0F0 solid; padding:0px 4px 0px 4px\" class=\"hierarchy\">0..1</td><td style=\"vertical-align: top; text-align : left; background-color: white; border: 0px #F0F0F0 solid; padding:0px 4px 0px 4px\" class=\"hierarchy\"><a href=\"http://hl7.org/fhir/R4/datatypes.html#Identifier\">Identifier</a></td><td style=\"vertical-align: top; text-align : left; background-color: white; border: 0px #F0F0F0 solid; padding:0px 4px 0px 4px\" class=\"hierarchy\">IDMP PhPID Level 1</td></tr>\r\n<tr style=\"border: 0px #F0F0F0 solid; padding:0px; vertical-align: top; background-color: #F7F7F7\"><td style=\"vertical-align: top; text-align : left; background-color: #F7F7F7; border: 0px #F0F0F0 solid; padding:0px 4px 0px 4px; white-space: nowrap; background-image: url(tbl_bck110.png)\" class=\"hierarchy\"><img src=\"tbl_spacer.png\" alt=\".\" style=\"background-color: inherit\" class=\"hierarchy\"/><img src=\"tbl_vline.png\" alt=\".\" style=\"background-color: inherit\" class=\"hierarchy\"/><img src=\"tbl_vjoin.png\" alt=\".\" style=\"background-color: inherit\" class=\"hierarchy\"/><img src=\"icon_datatype.gif\" alt=\".\" style=\"background-color: #F7F7F7; background-color: inherit\" title=\"Data Type\" class=\"hierarchy\"/> <a href=\"StructureDefinition-IDMPPhPModel-definitions.html#IDMPPhPModel.identifier.l2-identifier\" title=\"IDMP PhPID Level 2\">l2_identifier</a><a name=\"IDMPPhPModel.identifier.l2_identifier\"> </a></td><td style=\"vertical-align: top; text-align : left; background-color: #F7F7F7; border: 0px #F0F0F0 solid; padding:0px 4px 0px 4px\" class=\"hierarchy\"/><td style=\"vertical-align: top; text-align : left; background-color: #F7F7F7; border: 0px #F0F0F0 solid; padding:0px 4px 0px 4px\" class=\"hierarchy\">0..1</td><td style=\"vertical-align: top; text-align : left; background-color: #F7F7F7; border: 0px #F0F0F0 solid; padding:0px 4px 0px 4px\" class=\"hierarchy\"><a href=\"http://hl7.org/fhir/R4/datatypes.html#Identifier\">Identifier</a></td><td style=\"vertical-align: top; text-align : left; background-color: #F7F7F7; border: 0px #F0F0F0 solid; padding:0px 4px 0px 4px\" class=\"hierarchy\">IDMP PhPID Level 2</td></tr>\r\n<tr style=\"border: 0px #F0F0F0 solid; padding:0px; vertical-align: top; background-color: white\"><td style=\"vertical-align: top; text-align : left; background-color: white; border: 0px #F0F0F0 solid; padding:0px 4px 0px 4px; white-space: nowrap; background-image: url(tbl_bck110.png)\" class=\"hierarchy\"><img src=\"tbl_spacer.png\" alt=\".\" style=\"background-color: inherit\" class=\"hierarchy\"/><img src=\"tbl_vline.png\" alt=\".\" style=\"background-color: inherit\" class=\"hierarchy\"/><img src=\"tbl_vjoin.png\" alt=\".\" style=\"background-color: inherit\" class=\"hierarchy\"/><img src=\"icon_datatype.gif\" alt=\".\" style=\"background-color: white; background-color: inherit\" title=\"Data Type\" class=\"hierarchy\"/> <a href=\"StructureDefinition-IDMPPhPModel-definitions.html#IDMPPhPModel.identifier.l3-identifier\" title=\"IDMP PhPID Level 3\">l3_identifier</a><a name=\"IDMPPhPModel.identifier.l3_identifier\"> </a></td><td style=\"vertical-align: top; text-align : left; background-color: white; border: 0px #F0F0F0 solid; padding:0px 4px 0px 4px\" class=\"hierarchy\"/><td style=\"vertical-align: top; text-align : left; background-color: white; border: 0px #F0F0F0 solid; padding:0px 4px 0px 4px\" class=\"hierarchy\">0..1</td><td style=\"vertical-align: top; text-align : left; background-color: white; border: 0px #F0F0F0 solid; padding:0px 4px 0px 4px\" class=\"hierarchy\"><a href=\"http://hl7.org/fhir/R4/datatypes.html#Identifier\">Identifier</a></td><td style=\"vertical-align: top; text-align : left; background-color: white; border: 0px #F0F0F0 solid; padding:0px 4px 0px 4px\" class=\"hierarchy\">IDMP PhPID Level 3</td></tr>\r\n<tr style=\"border: 0px #F0F0F0 solid; padding:0px; vertical-align: top; background-color: #F7F7F7\"><td style=\"vertical-align: top; text-align : left; background-color: #F7F7F7; border: 0px #F0F0F0 solid; padding:0px 4px 0px 4px; white-space: nowrap; background-image: url(tbl_bck100.png)\" class=\"hierarchy\"><img src=\"tbl_spacer.png\" alt=\".\" style=\"background-color: inherit\" class=\"hierarchy\"/><img src=\"tbl_vline.png\" alt=\".\" style=\"background-color: inherit\" class=\"hierarchy\"/><img src=\"tbl_vjoin_end.png\" alt=\".\" style=\"background-color: inherit\" class=\"hierarchy\"/><img src=\"icon_datatype.gif\" alt=\".\" style=\"background-color: #F7F7F7; background-color: inherit\" title=\"Data Type\" class=\"hierarchy\"/> <a href=\"StructureDefinition-IDMPPhPModel-definitions.html#IDMPPhPModel.identifier.l4-identifier\" title=\"IDMP PhPID Level 4\">l4_identifier</a><a name=\"IDMPPhPModel.identifier.l4_identifier\"> </a></td><td style=\"vertical-align: top; text-align : left; background-color: #F7F7F7; border: 0px #F0F0F0 solid; padding:0px 4px 0px 4px\" class=\"hierarchy\"/><td style=\"vertical-align: top; text-align : left; background-color: #F7F7F7; border: 0px #F0F0F0 solid; padding:0px 4px 0px 4px\" class=\"hierarchy\">0..1</td><td style=\"vertical-align: top; text-align : left; background-color: #F7F7F7; border: 0px #F0F0F0 solid; padding:0px 4px 0px 4px\" class=\"hierarchy\"><a href=\"http://hl7.org/fhir/R4/datatypes.html#Identifier\">Identifier</a></td><td style=\"vertical-align: top; text-align : left; background-color: #F7F7F7; border: 0px #F0F0F0 solid; padding:0px 4px 0px 4px\" class=\"hierarchy\">IDMP PhPID Level 4<br/><span style=\"font-weight:bold\">Example (illustrative): </span><span style=\"color: darkgreen\">0x073AF2E5B92AE19E8B67635AFFB3D6CA</span></td></tr>\r\n<tr style=\"border: 0px #F0F0F0 solid; padding:0px; vertical-align: top; background-color: white\"><td style=\"vertical-align: top; text-align : left; background-color: white; border: 0px #F0F0F0 solid; padding:0px 4px 0px 4px; white-space: nowrap; background-image: url(tbl_bck01.png)\" class=\"hierarchy\"><img src=\"tbl_spacer.png\" alt=\".\" style=\"background-color: inherit\" class=\"hierarchy\"/><img src=\"tbl_vjoin_end.png\" alt=\".\" style=\"background-color: inherit\" class=\"hierarchy\"/><img src=\"icon_datatype.gif\" alt=\".\" style=\"background-color: white; background-color: inherit\" title=\"Data Type\" class=\"hierarchy\"/> <a href=\"StructureDefinition-IDMPPhPModel-definitions.html#IDMPPhPModel.ingredient\" title=\"Ingredient(s) that are part of the product, with therapeutical usage or not\">ingredient</a><a name=\"IDMPPhPModel.ingredient\"> </a></td><td style=\"vertical-align: top; text-align : left; background-color: white; border: 0px #F0F0F0 solid; padding:0px 4px 0px 4px\" class=\"hierarchy\"/><td style=\"vertical-align: top; text-align : left; background-color: white; border: 0px #F0F0F0 solid; padding:0px 4px 0px 4px\" class=\"hierarchy\">1..*</td><td style=\"vertical-align: top; text-align : left; background-color: white; border: 0px #F0F0F0 solid; padding:0px 4px 0px 4px\" class=\"hierarchy\"><a href=\"http://hl7.org/fhir/R4/datatypes.html#BackboneElement\">BackboneElement</a></td><td style=\"vertical-align: top; text-align : left; background-color: white; border: 0px #F0F0F0 solid; padding:0px 4px 0px 4px\" class=\"hierarchy\">Ingredient(s) that are part of the product, with therapeutical usage or not<br/></td></tr>\r\n<tr style=\"border: 0px #F0F0F0 solid; padding:0px; vertical-align: top; background-color: #F7F7F7\"><td style=\"vertical-align: top; text-align : left; background-color: #F7F7F7; border: 0px #F0F0F0 solid; padding:0px 4px 0px 4px; white-space: nowrap; background-image: url(tbl_bck010.png)\" class=\"hierarchy\"><img src=\"tbl_spacer.png\" alt=\".\" style=\"background-color: inherit\" class=\"hierarchy\"/><img src=\"tbl_blank.png\" alt=\".\" style=\"background-color: inherit\" class=\"hierarchy\"/><img src=\"tbl_vjoin.png\" alt=\".\" style=\"background-color: inherit\" class=\"hierarchy\"/><img src=\"icon_datatype.gif\" alt=\".\" style=\"background-color: #F7F7F7; background-color: inherit\" title=\"Data Type\" class=\"hierarchy\"/> <a href=\"StructureDefinition-IDMPPhPModel-definitions.html#IDMPPhPModel.ingredient.substance\" title=\"Codification of the substance\">substance</a><a name=\"IDMPPhPModel.ingredient.substance\"> </a></td><td style=\"vertical-align: top; text-align : left; background-color: #F7F7F7; border: 0px #F0F0F0 solid; padding:0px 4px 0px 4px\" class=\"hierarchy\"/><td style=\"vertical-align: top; text-align : left; background-color: #F7F7F7; border: 0px #F0F0F0 solid; padding:0px 4px 0px 4px\" class=\"hierarchy\">1..1</td><td style=\"vertical-align: top; text-align : left; background-color: #F7F7F7; border: 0px #F0F0F0 solid; padding:0px 4px 0px 4px\" class=\"hierarchy\"><a href=\"http://hl7.org/fhir/R4/datatypes.html#CodeableConcept\">CodeableConcept</a></td><td style=\"vertical-align: top; text-align : left; background-color: #F7F7F7; border: 0px #F0F0F0 solid; padding:0px 4px 0px 4px\" class=\"hierarchy\">Codification of the substance<br/><span style=\"font-weight:bold\">Example (illustrative): </span><span style=\"color: darkgreen\">Amlodipine Besilate</span></td></tr>\r\n<tr style=\"border: 0px #F0F0F0 solid; padding:0px; vertical-align: top; background-color: white\"><td style=\"vertical-align: top; text-align : left; background-color: white; border: 0px #F0F0F0 solid; padding:0px 4px 0px 4px; white-space: nowrap; background-image: url(tbl_bck011.png)\" class=\"hierarchy\"><img src=\"tbl_spacer.png\" alt=\".\" style=\"background-color: inherit\" class=\"hierarchy\"/><img src=\"tbl_blank.png\" alt=\".\" style=\"background-color: inherit\" class=\"hierarchy\"/><img src=\"tbl_vjoin.png\" alt=\".\" style=\"background-color: inherit\" class=\"hierarchy\"/><img src=\"icon_datatype.gif\" alt=\".\" style=\"background-color: white; background-color: inherit\" title=\"Data Type\" class=\"hierarchy\"/> <a href=\"StructureDefinition-IDMPPhPModel-definitions.html#IDMPPhPModel.ingredient.strength\" title=\"Authorized strength of the substance\">strength</a><a name=\"IDMPPhPModel.ingredient.strength\"> </a></td><td style=\"vertical-align: top; text-align : left; background-color: white; border: 0px #F0F0F0 solid; padding:0px 4px 0px 4px\" class=\"hierarchy\"/><td style=\"vertical-align: top; text-align : left; background-color: white; border: 0px #F0F0F0 solid; padding:0px 4px 0px 4px\" class=\"hierarchy\">1..1</td><td style=\"vertical-align: top; text-align : left; background-color: white; border: 0px #F0F0F0 solid; padding:0px 4px 0px 4px\" class=\"hierarchy\"><a href=\"http://hl7.org/fhir/R4/datatypes.html#BackboneElement\">BackboneElement</a></td><td style=\"vertical-align: top; text-align : left; background-color: white; border: 0px #F0F0F0 solid; padding:0px 4px 0px 4px\" class=\"hierarchy\">Authorized strength of the substance</td></tr>\r\n<tr style=\"border: 0px #F0F0F0 solid; padding:0px; vertical-align: top; background-color: #F7F7F7\"><td style=\"vertical-align: top; text-align : left; background-color: #F7F7F7; border: 0px #F0F0F0 solid; padding:0px 4px 0px 4px; white-space: nowrap; background-image: url(tbl_bck0111.png)\" class=\"hierarchy\"><img src=\"tbl_spacer.png\" alt=\".\" style=\"background-color: inherit\" class=\"hierarchy\"/><img src=\"tbl_blank.png\" alt=\".\" style=\"background-color: inherit\" class=\"hierarchy\"/><img src=\"tbl_vline.png\" alt=\".\" style=\"background-color: inherit\" class=\"hierarchy\"/><img src=\"tbl_vjoin.png\" alt=\".\" style=\"background-color: inherit\" class=\"hierarchy\"/><img src=\"icon_datatype.gif\" alt=\".\" style=\"background-color: #F7F7F7; background-color: inherit\" title=\"Data Type\" class=\"hierarchy\"/> <a href=\"StructureDefinition-IDMPPhPModel-definitions.html#IDMPPhPModel.ingredient.strength.strengthValue\" title=\"Strength of the substance in this product\">strengthValue</a><a name=\"IDMPPhPModel.ingredient.strength.strengthValue\"> </a></td><td style=\"vertical-align: top; text-align : left; background-color: #F7F7F7; border: 0px #F0F0F0 solid; padding:0px 4px 0px 4px\" class=\"hierarchy\"/><td style=\"vertical-align: top; text-align : left; background-color: #F7F7F7; border: 0px #F0F0F0 solid; padding:0px 4px 0px 4px\" class=\"hierarchy\">1..1</td><td style=\"vertical-align: top; text-align : left; background-color: #F7F7F7; border: 0px #F0F0F0 solid; padding:0px 4px 0px 4px\" class=\"hierarchy\"><a href=\"http://hl7.org/fhir/R4/datatypes.html#BackboneElement\">BackboneElement</a></td><td style=\"vertical-align: top; text-align : left; background-color: #F7F7F7; border: 0px #F0F0F0 solid; padding:0px 4px 0px 4px\" class=\"hierarchy\">Strength of the substance in this product</td></tr>\r\n<tr style=\"border: 0px #F0F0F0 solid; padding:0px; vertical-align: top; background-color: white\"><td style=\"vertical-align: top; text-align : left; background-color: white; border: 0px #F0F0F0 solid; padding:0px 4px 0px 4px; white-space: nowrap; background-image: url(tbl_bck01110.png)\" class=\"hierarchy\"><img src=\"tbl_spacer.png\" alt=\".\" style=\"background-color: inherit\" class=\"hierarchy\"/><img src=\"tbl_blank.png\" alt=\".\" style=\"background-color: inherit\" class=\"hierarchy\"/><img src=\"tbl_vline.png\" alt=\".\" style=\"background-color: inherit\" class=\"hierarchy\"/><img src=\"tbl_vline.png\" alt=\".\" style=\"background-color: inherit\" class=\"hierarchy\"/><img src=\"tbl_vjoin.png\" alt=\".\" style=\"background-color: inherit\" class=\"hierarchy\"/><img src=\"icon_datatype.gif\" alt=\".\" style=\"background-color: white; background-color: inherit\" title=\"Data Type\" class=\"hierarchy\"/> <a href=\"StructureDefinition-IDMPPhPModel-definitions.html#IDMPPhPModel.ingredient.strength.strengthValue.numerator\" title=\"Strength numerator\">numerator</a><a name=\"IDMPPhPModel.ingredient.strength.strengthValue.numerator\"> </a></td><td style=\"vertical-align: top; text-align : left; background-color: white; border: 0px #F0F0F0 solid; padding:0px 4px 0px 4px\" class=\"hierarchy\"/><td style=\"vertical-align: top; text-align : left; background-color: white; border: 0px #F0F0F0 solid; padding:0px 4px 0px 4px\" class=\"hierarchy\">1..1</td><td style=\"vertical-align: top; text-align : left; background-color: white; border: 0px #F0F0F0 solid; padding:0px 4px 0px 4px\" class=\"hierarchy\"><a href=\"http://hl7.org/fhir/R4/datatypes.html#SimpleQuantity\" title=\"Quantity\">SimpleQuantity</a></td><td style=\"vertical-align: top; text-align : left; background-color: white; border: 0px #F0F0F0 solid; padding:0px 4px 0px 4px\" class=\"hierarchy\">Strength numerator<br/><span style=\"font-weight:bold\">Example (illustrative): </span><span style=\"color: darkgreen\">5 mg</span></td></tr>\r\n<tr style=\"border: 0px #F0F0F0 solid; padding:0px; vertical-align: top; background-color: #F7F7F7\"><td style=\"vertical-align: top; text-align : left; background-color: #F7F7F7; border: 0px #F0F0F0 solid; padding:0px 4px 0px 4px; white-space: nowrap; background-image: url(tbl_bck01100.png)\" class=\"hierarchy\"><img src=\"tbl_spacer.png\" alt=\".\" style=\"background-color: inherit\" class=\"hierarchy\"/><img src=\"tbl_blank.png\" alt=\".\" style=\"background-color: inherit\" class=\"hierarchy\"/><img src=\"tbl_vline.png\" alt=\".\" style=\"background-color: inherit\" class=\"hierarchy\"/><img src=\"tbl_vline.png\" alt=\".\" style=\"background-color: inherit\" class=\"hierarchy\"/><img src=\"tbl_vjoin_end.png\" alt=\".\" style=\"background-color: inherit\" class=\"hierarchy\"/><img src=\"icon_datatype.gif\" alt=\".\" style=\"background-color: #F7F7F7; background-color: inherit\" title=\"Data Type\" class=\"hierarchy\"/> <a href=\"StructureDefinition-IDMPPhPModel-definitions.html#IDMPPhPModel.ingredient.strength.strengthValue.denominator\" title=\"Strength denominator\">denominator</a><a name=\"IDMPPhPModel.ingredient.strength.strengthValue.denominator\"> </a></td><td style=\"vertical-align: top; text-align : left; background-color: #F7F7F7; border: 0px #F0F0F0 solid; padding:0px 4px 0px 4px\" class=\"hierarchy\"/><td style=\"vertical-align: top; text-align : left; background-color: #F7F7F7; border: 0px #F0F0F0 solid; padding:0px 4px 0px 4px\" class=\"hierarchy\">1..1</td><td style=\"vertical-align: top; text-align : left; background-color: #F7F7F7; border: 0px #F0F0F0 solid; padding:0px 4px 0px 4px\" class=\"hierarchy\"><a href=\"http://hl7.org/fhir/R4/datatypes.html#SimpleQuantity\" title=\"Quantity\">SimpleQuantity</a></td><td style=\"vertical-align: top; text-align : left; background-color: #F7F7F7; border: 0px #F0F0F0 solid; padding:0px 4px 0px 4px\" class=\"hierarchy\">Strength denominator</td></tr>\r\n<tr style=\"border: 0px #F0F0F0 solid; padding:0px; vertical-align: top; background-color: white\"><td style=\"vertical-align: top; text-align : left; background-color: white; border: 0px #F0F0F0 solid; padding:0px 4px 0px 4px; white-space: nowrap; background-image: url(tbl_bck0110.png)\" class=\"hierarchy\"><img src=\"tbl_spacer.png\" alt=\".\" style=\"background-color: inherit\" class=\"hierarchy\"/><img src=\"tbl_blank.png\" alt=\".\" style=\"background-color: inherit\" class=\"hierarchy\"/><img src=\"tbl_vline.png\" alt=\".\" style=\"background-color: inherit\" class=\"hierarchy\"/><img src=\"tbl_vjoin.png\" alt=\".\" style=\"background-color: inherit\" class=\"hierarchy\"/><img src=\"icon_primitive.png\" alt=\".\" style=\"background-color: white; background-color: inherit\" title=\"Primitive Data Type\" class=\"hierarchy\"/> <a href=\"StructureDefinition-IDMPPhPModel-definitions.html#IDMPPhPModel.ingredient.strength.boss\" title=\"basis of substance strength\">boss</a><a name=\"IDMPPhPModel.ingredient.strength.boss\"> </a></td><td style=\"vertical-align: top; text-align : left; background-color: white; border: 0px #F0F0F0 solid; padding:0px 4px 0px 4px\" class=\"hierarchy\"/><td style=\"vertical-align: top; text-align : left; background-color: white; border: 0px #F0F0F0 solid; padding:0px 4px 0px 4px\" class=\"hierarchy\">1..1</td><td style=\"vertical-align: top; text-align : left; background-color: white; border: 0px #F0F0F0 solid; padding:0px 4px 0px 4px\" class=\"hierarchy\"><a href=\"http://hl7.org/fhir/R4/datatypes.html#code\">code</a></td><td style=\"vertical-align: top; text-align : left; background-color: white; border: 0px #F0F0F0 solid; padding:0px 4px 0px 4px\" class=\"hierarchy\">base | base-modifier | ref-substance<br/><span style=\"font-weight:bold\">Binding: </span><a href=\"ValueSet-BoSS-vs.html\">BoSS - Basis of Substance Strength options</a> (<a href=\"http://hl7.org/fhir/R4/terminologies.html#required\" title=\"To be conformant, the concept in this element SHALL be from the specified value set.\">required</a>)</td></tr>\r\n<tr style=\"border: 0px #F0F0F0 solid; padding:0px; vertical-align: top; background-color: #F7F7F7\"><td style=\"vertical-align: top; text-align : left; background-color: #F7F7F7; border: 0px #F0F0F0 solid; padding:0px 4px 0px 4px; white-space: nowrap; background-image: url(tbl_bck0110.png)\" class=\"hierarchy\"><img src=\"tbl_spacer.png\" alt=\".\" style=\"background-color: inherit\" class=\"hierarchy\"/><img src=\"tbl_blank.png\" alt=\".\" style=\"background-color: inherit\" class=\"hierarchy\"/><img src=\"tbl_vline.png\" alt=\".\" style=\"background-color: inherit\" class=\"hierarchy\"/><img src=\"tbl_vjoin.png\" alt=\".\" style=\"background-color: inherit\" class=\"hierarchy\"/><img src=\"icon_primitive.png\" alt=\".\" style=\"background-color: #F7F7F7; background-color: inherit\" title=\"Primitive Data Type\" class=\"hierarchy\"/> <a href=\"StructureDefinition-IDMPPhPModel-definitions.html#IDMPPhPModel.ingredient.strength.pattern\" title=\"oral-solid | injectable\">pattern</a><a name=\"IDMPPhPModel.ingredient.strength.pattern\"> </a></td><td style=\"vertical-align: top; text-align : left; background-color: #F7F7F7; border: 0px #F0F0F0 solid; padding:0px 4px 0px 4px\" class=\"hierarchy\"/><td style=\"vertical-align: top; text-align : left; background-color: #F7F7F7; border: 0px #F0F0F0 solid; padding:0px 4px 0px 4px\" class=\"hierarchy\">1..1</td><td style=\"vertical-align: top; text-align : left; background-color: #F7F7F7; border: 0px #F0F0F0 solid; padding:0px 4px 0px 4px\" class=\"hierarchy\"><a href=\"http://hl7.org/fhir/R4/datatypes.html#code\">code</a></td><td style=\"vertical-align: top; text-align : left; background-color: #F7F7F7; border: 0px #F0F0F0 solid; padding:0px 4px 0px 4px\" class=\"hierarchy\">oral-solid | injectable<br/><span style=\"font-weight:bold\">Binding: </span><a href=\"ValueSet-Pattern-vs.html\">Presentation pattern Value Set</a> (<a href=\"http://hl7.org/fhir/R4/terminologies.html#required\" title=\"To be conformant, the concept in this element SHALL be from the specified value set.\">required</a>)</td></tr>\r\n<tr style=\"border: 0px #F0F0F0 solid; padding:0px; vertical-align: top; background-color: white\"><td style=\"vertical-align: top; text-align : left; background-color: white; border: 0px #F0F0F0 solid; padding:0px 4px 0px 4px; white-space: nowrap; background-image: url(tbl_bck0110.png)\" class=\"hierarchy\"><img src=\"tbl_spacer.png\" alt=\".\" style=\"background-color: inherit\" class=\"hierarchy\"/><img src=\"tbl_blank.png\" alt=\".\" style=\"background-color: inherit\" class=\"hierarchy\"/><img src=\"tbl_vline.png\" alt=\".\" style=\"background-color: inherit\" class=\"hierarchy\"/><img src=\"tbl_vjoin.png\" alt=\".\" style=\"background-color: inherit\" class=\"hierarchy\"/><img src=\"icon_primitive.png\" alt=\".\" style=\"background-color: white; background-color: inherit\" title=\"Primitive Data Type\" class=\"hierarchy\"/> <a href=\"StructureDefinition-IDMPPhPModel-definitions.html#IDMPPhPModel.ingredient.strength.concentration-presentation\" title=\"concentration | presentation\">concentration_presentation</a><a name=\"IDMPPhPModel.ingredient.strength.concentration_presentation\"> </a></td><td style=\"vertical-align: top; text-align : left; background-color: white; border: 0px #F0F0F0 solid; padding:0px 4px 0px 4px\" class=\"hierarchy\"/><td style=\"vertical-align: top; text-align : left; background-color: white; border: 0px #F0F0F0 solid; padding:0px 4px 0px 4px\" class=\"hierarchy\">1..1</td><td style=\"vertical-align: top; text-align : left; background-color: white; border: 0px #F0F0F0 solid; padding:0px 4px 0px 4px\" class=\"hierarchy\"><a href=\"http://hl7.org/fhir/R4/datatypes.html#code\">code</a></td><td style=\"vertical-align: top; text-align : left; background-color: white; border: 0px #F0F0F0 solid; padding:0px 4px 0px 4px\" class=\"hierarchy\">concentration | presentation<br/><span style=\"font-weight:bold\">Binding: </span><a href=\"ValueSet-ConcPres-vs.html\">Concentration or Presentation Value Set</a> (<a href=\"http://hl7.org/fhir/R4/terminologies.html#required\" title=\"To be conformant, the concept in this element SHALL be from the specified value set.\">required</a>)</td></tr>\r\n<tr style=\"border: 0px #F0F0F0 solid; padding:0px; vertical-align: top; background-color: #F7F7F7\"><td style=\"vertical-align: top; text-align : left; background-color: #F7F7F7; border: 0px #F0F0F0 solid; padding:0px 4px 0px 4px; white-space: nowrap; background-image: url(tbl_bck0100.png)\" class=\"hierarchy\"><img src=\"tbl_spacer.png\" alt=\".\" style=\"background-color: inherit\" class=\"hierarchy\"/><img src=\"tbl_blank.png\" alt=\".\" style=\"background-color: inherit\" class=\"hierarchy\"/><img src=\"tbl_vline.png\" alt=\".\" style=\"background-color: inherit\" class=\"hierarchy\"/><img src=\"tbl_vjoin_end.png\" alt=\".\" style=\"background-color: inherit\" class=\"hierarchy\"/><img src=\"icon_datatype.gif\" alt=\".\" style=\"background-color: #F7F7F7; background-color: inherit\" title=\"Data Type\" class=\"hierarchy\"/> <a href=\"StructureDefinition-IDMPPhPModel-definitions.html#IDMPPhPModel.ingredient.strength.unit-of-presentation\" title=\"unit of presentation is strength is by presentation\">unit_of_presentation</a><a name=\"IDMPPhPModel.ingredient.strength.unit_of_presentation\"> </a></td><td style=\"vertical-align: top; text-align : left; background-color: #F7F7F7; border: 0px #F0F0F0 solid; padding:0px 4px 0px 4px\" class=\"hierarchy\"/><td style=\"vertical-align: top; text-align : left; background-color: #F7F7F7; border: 0px #F0F0F0 solid; padding:0px 4px 0px 4px\" class=\"hierarchy\">0..1</td><td style=\"vertical-align: top; text-align : left; background-color: #F7F7F7; border: 0px #F0F0F0 solid; padding:0px 4px 0px 4px\" class=\"hierarchy\"><a href=\"http://hl7.org/fhir/R4/datatypes.html#CodeableConcept\">CodeableConcept</a></td><td style=\"vertical-align: top; text-align : left; background-color: #F7F7F7; border: 0px #F0F0F0 solid; padding:0px 4px 0px 4px\" class=\"hierarchy\">unit of presentation if strength is by presentation<br/><span style=\"font-weight:bold\">Example (edqm): </span><span style=\"color: darkgreen\">10210000 capsule, hard</span></td></tr>\r\n<tr style=\"border: 0px #F0F0F0 solid; padding:0px; vertical-align: top; background-color: white\"><td style=\"vertical-align: top; text-align : left; background-color: white; border: 0px #F0F0F0 solid; padding:0px 4px 0px 4px; white-space: nowrap; background-image: url(tbl_bck000.png)\" class=\"hierarchy\"><img src=\"tbl_spacer.png\" alt=\".\" style=\"background-color: inherit\" class=\"hierarchy\"/><img src=\"tbl_blank.png\" alt=\".\" style=\"background-color: inherit\" class=\"hierarchy\"/><img src=\"tbl_vjoin_end.png\" alt=\".\" style=\"background-color: inherit\" class=\"hierarchy\"/><img src=\"icon_datatype.gif\" alt=\".\" style=\"background-color: white; background-color: inherit\" title=\"Data Type\" class=\"hierarchy\"/> <a href=\"StructureDefinition-IDMPPhPModel-definitions.html#IDMPPhPModel.ingredient.doseForm\" title=\"Authorized Dose Form\">doseForm</a><a name=\"IDMPPhPModel.ingredient.doseForm\"> </a></td><td style=\"vertical-align: top; text-align : left; background-color: white; border: 0px #F0F0F0 solid; padding:0px 4px 0px 4px\" class=\"hierarchy\"/><td style=\"vertical-align: top; text-align : left; background-color: white; border: 0px #F0F0F0 solid; padding:0px 4px 0px 4px\" class=\"hierarchy\">1..1</td><td style=\"vertical-align: top; text-align : left; background-color: white; border: 0px #F0F0F0 solid; padding:0px 4px 0px 4px\" class=\"hierarchy\"><a href=\"http://hl7.org/fhir/R4/datatypes.html#CodeableConcept\">CodeableConcept</a></td><td style=\"vertical-align: top; text-align : left; background-color: white; border: 0px #F0F0F0 solid; padding:0px 4px 0px 4px\" class=\"hierarchy\">Authorized Dose Form<br/><span style=\"font-weight:bold\">Example (edqm): </span><span style=\"color: darkgreen\">10210000 capsule, hard</span></td></tr>\r\n<tr><td colspan=\"5\" class=\"hierarchy\"><br/><a href=\"http://hl7.org/fhir/R4/formats.html#table\" title=\"Legend for this format\"><img src=\"http://hl7.org/fhir/R4/help16.png\" alt=\"doco\" style=\"background-color: inherit\"/> Documentation for this format</a></td></tr></table></div>"},"url":"http://medigree.net/eu/fhir/medigree/StructureDefinition/IDMPPhPModel","version":"1.0.0","name":"IDMPPhPModel","title":"IDMP Pharmaceutical Product logical model","status":"active","date":"2022-06-20T14:38:33+00:00","publisher":"My Organization","contact":[{"name":"My Organization","telecom":[{"system":"url","value":"http://example.com/committees"},{"system":"email","value":"my-group@example.com"}]},{"name":"Bob Smith","telecom":[{"system":"email","value":"bobsmith@example.com","use":"work"}]}],"description":"IDMP Pharmaceutical Product logical model","jurisdiction":[{"coding":[{"system":"http://unstats.un.org/unsd/methods/m49/m49.htm","code":"001","display":"World"}]}],"fhirVersion":"4.0.1","mapping":[{"identity":"rim","uri":"http://hl7.org/v3","name":"RIM Mapping"}],"kind":"logical","abstract":false,"type":"http://medigree.net/eu/fhir/medigree/StructureDefinition/IDMPPhPModel","baseDefinition":"http://hl7.org/fhir/StructureDefinition/Element","derivation":"specialization","snapshot":{"element":[{"id":"IDMPPhPModel","path":"IDMPPhPModel","short":"IDMP Pharmaceutical Product logical model","definition":"IDMP Pharmaceutical Product logical model","min":0,"max":"*","base":{"path":"Element","min":0,"max":"*"},"condition":["ele-1"],"constraint":[{"key":"ele-1","severity":"error","human":"All FHIR elements must have a @value or children","expression":"hasValue() or (children().count() > id.count())","xpath":"@value|f:*|h:div","source":"http://hl7.org/fhir/StructureDefinition/Element"}],"isModifier":false,"mapping":[{"identity":"rim","map":"n/a"}]},{"id":"IDMPPhPModel.id","path":"IDMPPhPModel.id","representation":["xmlAttr"],"short":"Unique id for inter-element referencing","definition":"Unique id for the element within a resource (for internal references). This may be any string value that does not contain spaces.","min":0,"max":"1","base":{"path":"Element.id","min":0,"max":"1"},"type":[{"extension":[{"url":"http://hl7.org/fhir/StructureDefinition/structuredefinition-fhir-type","valueUrl":"string"}],"code":"http://hl7.org/fhirpath/System.String"}],"isModifier":false,"isSummary":false,"mapping":[{"identity":"rim","map":"n/a"}]},{"id":"IDMPPhPModel.extension","path":"IDMPPhPModel.extension","slicing":{"discriminator":[{"type":"value","path":"url"}],"description":"Extensions are always sliced by (at least) url","rules":"open"},"short":"Additional content defined by implementations","definition":"May be used to represent additional information that is not part of the basic definition of the element. To make the use of extensions safe and manageable, there is a strict set of governance  applied to the definition and use of extensions. Though any implementer can define an extension, there is a set of requirements that SHALL be met as part of the definition of the extension.","comment":"There can be no stigma associated with the use of extensions by any application, project, or standard - regardless of the institution or jurisdiction that uses or defines the extensions.  The use of extensions is what allows the FHIR specification to retain a core level of simplicity for everyone.","alias":["extensions","user content"],"min":0,"max":"*","base":{"path":"Element.extension","min":0,"max":"*"},"type":[{"code":"Extension"}],"constraint":[{"key":"ele-1","severity":"error","human":"All FHIR elements must have a @value or children","expression":"hasValue() or (children().count() > id.count())","xpath":"@value|f:*|h:div","source":"http://hl7.org/fhir/StructureDefinition/Element"},{"key":"ext-1","severity":"error","human":"Must have either extensions or value[x], not both","expression":"extension.exists() != value.exists()","xpath":"exists(f:extension)!=exists(f:*[starts-with(local-name(.), \"value\")])","source":"http://hl7.org/fhir/StructureDefinition/Extension"}],"isModifier":false,"isSummary":false,"mapping":[{"identity":"rim","map":"n/a"}]},{"id":"IDMPPhPModel.identifier","path":"IDMPPhPModel.identifier","short":"Identifiers","definition":"Identifiers","min":0,"max":"*","base":{"path":"IDMPPhPModel.identifier","min":0,"max":"*"},"type":[{"code":"BackboneElement"}]},{"id":"IDMPPhPModel.identifier.l1-identifier","path":"IDMPPhPModel.identifier.l1_identifier","short":"IDMP PhPID Level 1","definition":"IDMP PhPID Level 1","min":0,"max":"1","base":{"path":"IDMPPhPModel.identifier.l1_identifier","min":0,"max":"1"},"type":[{"code":"Identifier"}]},{"id":"IDMPPhPModel.identifier.l2-identifier","path":"IDMPPhPModel.identifier.l2_identifier","short":"IDMP PhPID Level 2","definition":"IDMP PhPID Level 2","min":0,"max":"1","base":{"path":"IDMPPhPModel.identifier.l2_identifier","min":0,"max":"1"},"type":[{"code":"Identifier"}]},{"id":"IDMPPhPModel.identifier.l3-identifier","path":"IDMPPhPModel.identifier.l3_identifier","short":"IDMP PhPID Level 3","definition":"IDMP PhPID Level 3","min":0,"max":"1","base":{"path":"IDMPPhPModel.identifier.l3_identifier","min":0,"max":"1"},"type":[{"code":"Identifier"}]},{"id":"IDMPPhPModel.identifier.l4-identifier","path":"IDMPPhPModel.identifier.l4_identifier","short":"IDMP PhPID Level 4","definition":"IDMP PhPID Level 4","min":0,"max":"1","base":{"path":"IDMPPhPModel.identifier.l4_identifier","min":0,"max":"1"},"type":[{"code":"Identifier"}],"example":[{"label":"(illustrative)","valueString":"0x073AF2E5B92AE19E8B67635AFFB3D6CA"}]},{"id":"IDMPPhPModel.ingredient","path":"IDMPPhPModel.ingredient","short":"Ingredient(s) that are part of the product, with therapeutical usage or not","definition":"Ingredient(s) that are part of the product, with therapeutical usage or not","min":1,"max":"*","base":{"path":"IDMPPhPModel.ingredient","min":1,"max":"*"},"type":[{"code":"BackboneElement"}]},{"id":"IDMPPhPModel.ingredient.substance","path":"IDMPPhPModel.ingredient.substance","short":"Codification of the substance","definition":"Codification of the substance","min":1,"max":"1","base":{"path":"IDMPPhPModel.ingredient.substance","min":1,"max":"1"},"type":[{"code":"CodeableConcept"}],"example":[{"label":"(illustrative)","valueString":"Amlodipine Besilate"}]},{"id":"IDMPPhPModel.ingredient.strength","path":"IDMPPhPModel.ingredient.strength","short":"Authorized strength of the substance","definition":"Authorized strength of the substance","min":1,"max":"1","base":{"path":"IDMPPhPModel.ingredient.strength","min":1,"max":"1"},"type":[{"code":"BackboneElement"}]},{"id":"IDMPPhPModel.ingredient.strength.strengthValue","path":"IDMPPhPModel.ingredient.strength.strengthValue","short":"Strength of the substance in this product","definition":"Strength of the substance in this product","min":1,"max":"1","base":{"path":"IDMPPhPModel.ingredient.strength.strengthValue","min":1,"max":"1"},"type":[{"code":"BackboneElement"}]},{"id":"IDMPPhPModel.ingredient.strength.strengthValue.numerator","path":"IDMPPhPModel.ingredient.strength.strengthValue.numerator","short":"Strength numerator","definition":"Strength numerator","min":1,"max":"1","base":{"path":"IDMPPhPModel.ingredient.strength.strengthValue.numerator","min":1,"max":"1"},"type":[{"code":"Quantity","profile":["http://hl7.org/fhir/StructureDefinition/SimpleQuantity"]}],"example":[{"label":"(illustrative)","valueString":"5 mg"}]},{"id":"IDMPPhPModel.ingredient.strength.strengthValue.denominator","path":"IDMPPhPModel.ingredient.strength.strengthValue.denominator","short":"Strength denominator","definition":"Strength denominator","min":1,"max":"1","base":{"path":"IDMPPhPModel.ingredient.strength.strengthValue.denominator","min":1,"max":"1"},"type":[{"code":"Quantity","profile":["http://hl7.org/fhir/StructureDefinition/SimpleQuantity"]}]},{"id":"IDMPPhPModel.ingredient.strength.boss","path":"IDMPPhPModel.ingredient.strength.boss","short":"base | base-modifier | ref-substance","definition":"basis of substance strength","comment":"not needed from countries, will be looked up by substance","min":1,"max":"1","base":{"path":"IDMPPhPModel.ingredient.strength.boss","min":1,"max":"1"},"type":[{"code":"code"}],"binding":{"strength":"required","valueSet":"http://medigree.net/eu/fhir/medigree/ValueSet/BoSS-vs"}},{"id":"IDMPPhPModel.ingredient.strength.pattern","path":"IDMPPhPModel.ingredient.strength.pattern","short":"oral-solid | injectable","definition":"oral-solid | injectable","comment":"not needed from countries, will be looked up by dose form","min":1,"max":"1","base":{"path":"IDMPPhPModel.ingredient.strength.pattern","min":1,"max":"1"},"type":[{"code":"code"}],"binding":{"strength":"required","valueSet":"http://medigree.net/eu/fhir/medigree/ValueSet/Pattern-vs"}},{"id":"IDMPPhPModel.ingredient.strength.concentration-presentation","path":"IDMPPhPModel.ingredient.strength.concentration_presentation","short":"concentration | presentation","definition":"concentration | presentation","comment":"not needed from countries, will be looked up by dose form","min":1,"max":"1","base":{"path":"IDMPPhPModel.ingredient.strength.concentration_presentation","min":1,"max":"1"},"type":[{"code":"code"}],"binding":{"strength":"required","valueSet":"http://medigree.net/eu/fhir/medigree/ValueSet/ConcPres-vs"}},{"id":"IDMPPhPModel.ingredient.strength.unit-of-presentation","path":"IDMPPhPModel.ingredient.strength.unit_of_presentation","short":"unit of presentation if strength is by presentation","definition":"unit of presentation is strength is by presentation","comment":"not needed from countries, will be looked up by dose form","min":0,"max":"1","base":{"path":"IDMPPhPModel.ingredient.strength.unit_of_presentation","min":0,"max":"1"},"type":[{"code":"CodeableConcept"}],"example":[{"label":"(edqm)","valueString":"10210000 capsule, hard"}]},{"id":"IDMPPhPModel.ingredient.doseForm","path":"IDMPPhPModel.ingredient.doseForm","short":"Authorized Dose Form","definition":"Authorized Dose Form","min":1,"max":"1","base":{"path":"IDMPPhPModel.ingredient.doseForm","min":1,"max":"1"},"type":[{"code":"CodeableConcept"}],"example":[{"label":"(edqm)","valueString":"10210000 capsule, hard"}]}]},"differential":{"element":[{"id":"IDMPPhPModel","path":"IDMPPhPModel","short":"IDMP Pharmaceutical Product logical model","definition":"IDMP Pharmaceutical Product logical model"},{"id":"IDMPPhPModel.identifier","path":"IDMPPhPModel.identifier","short":"Identifiers","definition":"Identifiers","min":0,"max":"*","type":[{"code":"BackboneElement"}]},{"id":"IDMPPhPModel.identifier.l1-identifier","path":"IDMPPhPModel.identifier.l1_identifier","short":"IDMP PhPID Level 1","definition":"IDMP PhPID Level 1","min":0,"max":"1","type":[{"code":"Identifier"}]},{"id":"IDMPPhPModel.identifier.l2-identifier","path":"IDMPPhPModel.identifier.l2_identifier","short":"IDMP PhPID Level 2","definition":"IDMP PhPID Level 2","min":0,"max":"1","type":[{"code":"Identifier"}]},{"id":"IDMPPhPModel.identifier.l3-identifier","path":"IDMPPhPModel.identifier.l3_identifier","short":"IDMP PhPID Level 3","definition":"IDMP PhPID Level 3","min":0,"max":"1","type":[{"code":"Identifier"}]},{"id":"IDMPPhPModel.identifier.l4-identifier","path":"IDMPPhPModel.identifier.l4_identifier","short":"IDMP PhPID Level 4","definition":"IDMP PhPID Level 4","min":0,"max":"1","type":[{"code":"Identifier"}],"example":[{"label":"(illustrative)","valueString":"0x073AF2E5B92AE19E8B67635AFFB3D6CA"}]},{"id":"IDMPPhPModel.ingredient","path":"IDMPPhPModel.ingredient","short":"Ingredient(s) that are part of the product, with therapeutical usage or not","definition":"Ingredient(s) that are part of the product, with therapeutical usage or not","min":1,"max":"*","type":[{"code":"BackboneElement"}]},{"id":"IDMPPhPModel.ingredient.substance","path":"IDMPPhPModel.ingredient.substance","short":"Codification of the substance","definition":"Codification of the substance","min":1,"max":"1","type":[{"code":"CodeableConcept"}],"example":[{"label":"(illustrative)","valueString":"Amlodipine Besilate"}]},{"id":"IDMPPhPModel.ingredient.strength","path":"IDMPPhPModel.ingredient.strength","short":"Authorized strength of the substance","definition":"Authorized strength of the substance","min":1,"max":"1","type":[{"code":"BackboneElement"}]},{"id":"IDMPPhPModel.ingredient.strength.strengthValue","path":"IDMPPhPModel.ingredient.strength.strengthValue","short":"Strength of the substance in this product","definition":"Strength of the substance in this product","min":1,"max":"1","type":[{"code":"BackboneElement"}]},{"id":"IDMPPhPModel.ingredient.strength.strengthValue.numerator","path":"IDMPPhPModel.ingredient.strength.strengthValue.numerator","short":"Strength numerator","definition":"Strength numerator","min":1,"max":"1","type":[{"code":"Quantity","profile":["http://hl7.org/fhir/StructureDefinition/SimpleQuantity"]}],"example":[{"label":"(illustrative)","valueString":"5 mg"}]},{"id":"IDMPPhPModel.ingredient.strength.strengthValue.denominator","path":"IDMPPhPModel.ingredient.strength.strengthValue.denominator","short":"Strength denominator","definition":"Strength denominator","min":1,"max":"1","type":[{"code":"Quantity","profile":["http://hl7.org/fhir/StructureDefinition/SimpleQuantity"]}]},{"id":"IDMPPhPModel.ingredient.strength.boss","path":"IDMPPhPModel.ingredient.strength.boss","short":"base | base-modifier | ref-substance","definition":"basis of substance strength","comment":"not needed from countries, will be looked up by substance","min":1,"max":"1","type":[{"code":"code"}],"binding":{"strength":"required","valueSet":"http://medigree.net/eu/fhir/medigree/ValueSet/BoSS-vs"}},{"id":"IDMPPhPModel.ingredient.strength.pattern","path":"IDMPPhPModel.ingredient.strength.pattern","short":"oral-solid | injectable","definition":"oral-solid | injectable","comment":"not needed from countries, will be looked up by dose form","min":1,"max":"1","type":[{"code":"code"}],"binding":{"strength":"required","valueSet":"http://medigree.net/eu/fhir/medigree/ValueSet/Pattern-vs"}},{"id":"IDMPPhPModel.ingredient.strength.concentration-presentation","path":"IDMPPhPModel.ingredient.strength.concentration_presentation","short":"concentration | presentation","definition":"concentration | presentation","comment":"not needed from countries, will be looked up by dose form","min":1,"max":"1","type":[{"code":"code"}],"binding":{"strength":"required","valueSet":"http://medigree.net/eu/fhir/medigree/ValueSet/ConcPres-vs"}},{"id":"IDMPPhPModel.ingredient.strength.unit-of-presentation","path":"IDMPPhPModel.ingredient.strength.unit_of_presentation","short":"unit of presentation if strength is by presentation","definition":"unit of presentation is strength is by presentation","comment":"not needed from countries, will be looked up by dose form","min":0,"max":"1","type":[{"code":"CodeableConcept"}],"example":[{"label":"(edqm)","valueString":"10210000 capsule, hard"}]},{"id":"IDMPPhPModel.ingredient.doseForm","path":"IDMPPhPModel.ingredient.doseForm","short":"Authorized Dose Form","definition":"Authorized Dose Form","min":1,"max":"1","type":[{"code":"CodeableConcept"}],"example":[{"label":"(edqm)","valueString":"10210000 capsule, hard"}]}]}}