{"resourceType":"ValueSet","id":"dose-form-ontology-cs","text":{"status":"generated","div":"<div xmlns=\"http://www.w3.org/1999/xhtml\"><ul><li>Include all codes defined in <a href=\"CodeSystem-dose-form-ontology-cs.html\"><code>http://medigree.net/eu/fhir/medigree/CodeSystem/dose-form-ontology-cs</code></a></li></ul></div>"},"url":"http://medigree.net/eu/fhir/medigree/ValueSet/dose-form-ontology-cs","version":"1.0.0","name":"DoseFormOntologyCS","title":"Dose Form ontology Value Set","status":"active","date":"2022-06-01T15:57:53+00:00","publisher":"My Organization","contact":[{"name":"My Organization","telecom":[{"system":"url","value":"http://example.com/committees"},{"system":"email","value":"my-group@example.com"}]},{"name":"Bob Smith","telecom":[{"system":"email","value":"bobsmith@example.com","use":"work"}]}],"jurisdiction":[{"coding":[{"system":"http://unstats.un.org/unsd/methods/m49/m49.htm","code":"001","display":"World"}]}],"compose":{"include":[{"system":"http://medigree.net/eu/fhir/medigree/CodeSystem/dose-form-ontology-cs"}]}}