{
  "resourceType": "MedicationKnowledge",
  "id": "be-ampp-148303-02",
  "meta": {
    "profile": [
      "http://medigree.net/eu/fhir/medigree/StructureDefinition/BEIdentifiableProduct"
    ]
  },
  "text": {
    "status": "generated",
    "div": "<div xmlns=\"http://www.w3.org/1999/xhtml\"><p><b>Generated Narrative</b></p><div style=\"display: inline-block; background-color: #d9e0e7; padding: 6px; margin: 4px; border: 1px solid #8da1b4; border-radius: 5px; line-height: 60%\"><p style=\"margin-bottom: 0px\">Resource \"be-ampp-148303-02\" </p><p style=\"margin-bottom: 0px\">Profile: <a href=\"StructureDefinition-BEIdentifiableProduct.html\">BE Identifiable Product Profile</a></p></div><p><b style=\"color: maroon\">Exception generating Narrative: unknown extension http://hl7.org/fhir/StructureDefinition/artifact-jurisdiction</b></p></div>"
  },
  "extension": [
    {
      "url": "http://hl7.org/fhir/StructureDefinition/artifact-jurisdiction",
      "valueCodeableConcept": {
        "coding": [
          {
            "system": "urn:iso:std:iso:3166",
            "code": "BE"
          }
        ]
      }
    }
  ],
  "code": {
    "coding": [
      {
        "system": "http://www.medigree.net/identifiable-product-identifier-type",
        "code": "148303-02",
        "display": "Amlor harde caps. 100 x 10 mg"
      }
    ]
  },
  "manufacturer": {
    "display": "Upjohn"
  },
  "doseForm": {
    "coding": [
      {
        "system": "http://www.edqm.eu/dose-forms",
        "code": "10210000",
        "display": "Capsule, hard"
      },
      {
        "system": "http://www.belgium.be/dose-forms",
        "display": "# harde caps."
      }
    ]
  },
  "synonym": [
    "Amlor harde caps. 100 x 10 mg"
  ],
  "ingredient": [
    {
      "itemCodeableConcept": {
        "text": "amlodipine besilaat"
      },
      "strength": {
        "numerator": {
          "value": 10,
          "system": "http://unitsofmeasure.org",
          "code": "mg"
        },
        "denominator": {
          "value": 1,
          "system": "http://unitsofmeasure.org",
          "code": "U"
        }
      }
    }
  ],
  "intendedRoute": [
    {
      "coding": [
        {
          "system": "http://www.edqm.eu/routes",
          "code": "20053000"
        }
      ]
    }
  ],
  "medicineClassification": [
    {
      "type": {
        "coding": [
          {
            "system": "http://www.medigree.net/classifications",
            "code": "atc"
          }
        ]
      },
      "classification": [
        {
          "coding": [
            {
              "system": "http://www.who.no/atc",
              "code": "C08CA01"
            }
          ]
        }
      ]
    }
  ],
  "packaging": {
    "quantity": {
      "value": 20
    }
  }
}