{
  "resourceType": "MedicationKnowledge",
  "id": "pt-pmp-95877",
  "meta": {
    "profile": [
      "http://medigree.net/eu/fhir/medigree/StructureDefinition/PTIdentifiableProduct"
    ]
  },
  "text": {
    "status": "extensions",
    "div": "<div xmlns=\"http://www.w3.org/1999/xhtml\"><p><b>Generated Narrative: MedicationKnowledge</b><a name=\"pt-pmp-95877\"> </a></p><div style=\"display: inline-block; background-color: #d9e0e7; padding: 6px; margin: 4px; border: 1px solid #8da1b4; border-radius: 5px; line-height: 60%\"><p style=\"margin-bottom: 0px\">Resource MedicationKnowledge \"pt-pmp-95877\" </p><p style=\"margin-bottom: 0px\">Profile: <a href=\"StructureDefinition-PTIdentifiableProduct.html\">PT Identifiable Product Profile</a></p></div><p><b>jurisdiction</b>: Portugal <span style=\"background: LightGoldenRodYellow; margin: 4px; border: 1px solid khaki\"> (<a href=\"http://terminology.hl7.org/4.0.0/CodeSystem-ISO3166Part1.html\">ISO 3166-1 Codes for the representation of names of countries and their subdivisions — Part 1: Country code</a>#PT)</span></p><p><b>code</b>: Norvasc 5 mg Comprimido Blister - 20 unidade(s) <span style=\"background: LightGoldenRodYellow; margin: 4px; border: 1px solid khaki\"> (identifiable-product-identifier-type#95877)</span></p><p><b>manufacturer</b>: <span></span></p><p><b>doseForm</b>: 10219000 <span style=\"background: LightGoldenRodYellow; margin: 4px; border: 1px solid khaki\"> (dose-forms#10219000; dose-forms#271)</span></p><p><b>synonym</b>: Norvasc 5 mg Comprimido Blister - 20 unidade(s)</p><h3>Ingredients</h3><table class=\"grid\"><tr><td>-</td><td><b>Item[x]</b></td><td><b>Strength</b></td></tr><tr><td>*</td><td>Amlodipina <span style=\"background: LightGoldenRodYellow; margin: 4px; border: 1px solid khaki\"> ()</span></td><td>5 mg<span style=\"background: LightGoldenRodYellow\"> (Details: UCUM code mg = 'mg')</span>/1 U<span style=\"background: LightGoldenRodYellow\"> (Details: UCUM code U = 'U')</span></td></tr></table><p><b>intendedRoute</b>: Oral use <span style=\"background: LightGoldenRodYellow; margin: 4px; border: 1px solid khaki\"> (routes#20053000)</span>, Via oral <span style=\"background: LightGoldenRodYellow; margin: 4px; border: 1px solid khaki\"> (routes#48)</span></p><h3>MedicineClassifications</h3><table class=\"grid\"><tr><td>-</td><td><b>Type</b></td><td><b>Classification</b></td></tr><tr><td>*</td><td>atc <span style=\"background: LightGoldenRodYellow; margin: 4px; border: 1px solid khaki\"> (classifications#atc)</span></td><td>C08CA01 <span style=\"background: LightGoldenRodYellow; margin: 4px; border: 1px solid khaki\"> (atc#C08CA01)</span></td></tr></table><h3>Packagings</h3><table class=\"grid\"><tr><td>-</td><td><b>Quantity</b></td></tr><tr><td>*</td><td>20</td></tr></table></div>"
  },
  "extension": [
    {
      "url": "http://medigree.net/eu/fhir/medigree/StructureDefinition/artifact-jurisdiction",
      "valueCodeableConcept": {
        "coding": [
          {
            "system": "urn:iso:std:iso:3166",
            "code": "PT"
          }
        ]
      }
    }
  ],
  "code": {
    "coding": [
      {
        "system": "http://www.medigree.net/identifiable-product-identifier-type",
        "code": "95877",
        "display": "Norvasc 5 mg Comprimido Blister - 20 unidade(s)"
      }
    ]
  },
  "manufacturer": {
    "identifier": {
      "value": "Upjohn EESV"
    }
  },
  "doseForm": {
    "coding": [
      {
        "system": "http://www.edqm.eu/dose-forms",
        "code": "10219000"
      },
      {
        "system": "http://www.belgium.be/dose-forms",
        "code": "271"
      }
    ]
  },
  "synonym": [
    "Norvasc 5 mg Comprimido Blister - 20 unidade(s)"
  ],
  "ingredient": [
    {
      "itemCodeableConcept": {
        "text": "Amlodipina"
      },
      "strength": {
        "numerator": {
          "value": 5,
          "system": "http://unitsofmeasure.org",
          "code": "mg"
        },
        "denominator": {
          "value": 1,
          "system": "http://unitsofmeasure.org",
          "code": "U"
        }
      }
    }
  ],
  "intendedRoute": [
    {
      "coding": [
        {
          "system": "http://www.edqm.eu/routes",
          "code": "20053000",
          "display": "Oral use"
        }
      ]
    },
    {
      "coding": [
        {
          "system": "http://www.belgium.be/routes",
          "code": "48",
          "display": "Via oral"
        }
      ]
    }
  ],
  "medicineClassification": [
    {
      "type": {
        "coding": [
          {
            "system": "http://www.medigree.net/classifications",
            "code": "atc"
          }
        ]
      },
      "classification": [
        {
          "coding": [
            {
              "system": "http://www.who.no/atc",
              "code": "C08CA01"
            }
          ]
        }
      ]
    }
  ],
  "packaging": {
    "quantity": {
      "value": 20
    }
  }
}